Level,State,Year,Population,Index,Violent,Property,Murder,Rape,Robbery,assault,Burglary,Larceny Theft,CarTheft
1,AK,2000 ,626932 ,26641 ,3554 ,23087 ,27 ,497 ,490 ,2540 ,3899 ,16838 ,2350 
1,AK,2001 ,633630 ,26895 ,3735 ,23160 ,39 ,501 ,514 ,2681.00,3847 ,16695 ,2618.00
1,AK,2002 ,641482 ,28133.00,4015 ,24118 ,33 ,511 ,489 ,2594 ,3908 ,17739 ,2471 
1,AK,2003 ,648280 ,28263.00,3877 ,24386 ,39 ,605 ,446 ,2787 ,3874 ,18051 ,2461 
1,AK,2004 ,657755 ,26331 ,4159 ,22172 ,37.00,558 ,447 ,3117 ,3773 ,16159 ,2240 
1,AK,2005.00,663253.00,28170.00,4194.00,23975.00,32.00,538.00,537.00,3087.00,4131,17249.00,2595.00
1,AK,2006.00,670053.00,28765.00,4610.00,24155.00,36.00,509.00,605.00,3406.00,4136,17490.00,2529.00
1,AK,2007.00,683478.00,27617.00,4519.00,23098.00,44.00,529.00,583.00,3363.00,3682,16998.00,2418.00
1,AK,2008.00,688125.00,24576.00,4479.00,20097.00,27.00,445.00,644.00,3363.00,3232,15235.00,1630.00
1,AK,2009.00,698473.00,24952.00,4424.00,20538.00,22.00,513.00,654.00,3235.00,3600,15251.00,1687.00
1,AK,2010.00,714146.00,24796.00,4537.00,20259.00,31.00,533.00,594.00,3379.00,3105,15535.00,1619.00
1,AK,2011.00,723860.00,23510.00,4416.00,19094.00,30.00,436.00,576.00,3374.00,2852,14854.00,1388.00
1,AK,2012.00,730307.00,24449.00,4412.00,20037.00,30.00,583.00,630.00,3169.00,2950,15565.00,1522.00
1,AK,2013.00,737259.00,25920.00,4709.00,21211.00,34.00,657.00,623.00,3127.00,2917,16599.00,1695.00
1,AK,2014.00,737046.00,25018.00,4684.00,20334.00,41.00,553.00,629.00,3243.00,3150,15445.00,1739.00
1,AK,2015.00,737709.00,26197.00,5391.00,20806.00,59.00,648.00,761.00,3671.00,3511,15249.00,2046.00
1,AK,2016.00,741522.00,30842.00,5966.00,24876.00,52.00,1053.00,850.00,4011.00,4053,17766.00,3057.00
1,AK,2017.00,739795.00,32337.00,6133.00,26204.00,62.00,863.00,951.00,4257.00,4171,17775.00,4258.00
1,AK,2018.00,735139.00,30900.00,6555.00,24345.00,47.00,1212.00,896.00,4400.00,3985,16364.00,3996.00
1,AK,2019.00,731545.00,27637.00,6343.00,21294.00,69.00,1088.00,826.00,4360.00,3563,15114.00,2617.00
5,AL,2000 ,4447100 ,202159 ,21620 ,180539 ,329 ,1482 ,5702 ,14107 ,40331 ,127399 ,12809.00
5,AL,2001 ,4468912 ,192835 ,19582 ,173253 ,379 ,1369 ,5584 ,12250 ,40642 ,119992 ,12619.00
5,AL,2002 ,4478869 ,200331.00,19931 ,180400 ,303 ,1664 ,5962 ,12002 ,42578 ,123932 ,13890 
5,AL,2003 ,4503726 ,201572 ,19331 ,182241 ,299 ,1656 ,6038 ,11338 ,43245 ,124039 ,14957.00
5,AL,2004 ,4525375 ,201664 ,19324 ,182340 ,254 ,1742 ,6042 ,11286 ,44666 ,123650 ,14024.00
5,AL,2005 ,4548327.00,197071.00,19678 ,177393.00,374.00,1564.00,6447.00,11293.00,43473,120780.00,13140.00
5,AL,2006 ,4599030.00,200578.00,19557 ,181021.00,382.00,1649.00,7059.00,10467.00,44571,121610.00,14840.00
5,AL,2007.00,4627851.00,204530.00,20732 ,183798.00,412.00,1545.00,7398.00,11377.00,45331,124237.00,14230.00
5,AL,2008.00,4677464.00,211401.00,21109 ,190292.00,357.00,1618.00,7344.00,11790.00,50379,126461.00,13452.00
5,AL,2009.00,4708708.00,199201.00,21194.00,178007.00,322.00,1504.00,6265.00,13103.00,48844,118072.00,11091.00
5,AL,2010.00,4785401.00,187191.00,18363.00,168828.00,275.00,1355.00,4864.00,11869.00,42484,115564.00,10780.00
5,AL,2011.00,4803689.00,193358.00,20166.00,173192.00,299.00,1370.00,4906.00,13591.00,51119,111411.00,10662.00
5,AL,2012.00,4817528.00,190571.00,21693.00,168878.00,342.00,1296.00,5020.00,15035.00,47481,111523.00,9874.00
5,AL,2013.00,4833996.00,182669.00,20834.00,161835.00,346.00,1449.00,4645.00,13788.00,42410,108862.00,10563.00
5,AL,2014.00,4846411.00,174814.00,20727.00,154087.00,276.00,1425.00,4702.00,13744.00,39723,104223.00,10141.00
5,AL,2015.00,4853875.00,167742.00,22957.00,144785.00,348.00,1449.00,4612.00,15960.00,35265,99182.00,10338.00
5,AL,2016.00,4860545.00,169137.00,25878.00,143259.00,407.00,1915.00,4687.00,18869.00,34045,97498.00,11716.00
5,AL,2017.00,4875120.00,169243.00,25469.00,143774.00,419.00,2001.00,4233.00,18816.00,31270,99707.00,12797.00
5,AL,2018.00,4887681.00,164269.00,25567.00,138702.00,383.00,2032.00,4047.00,19105.00,29101,96328.00,13273.00
5,AL,2019.00,4903185.00,156179.00,25046.00,131133.00,358.00,2068.00,3941.00,18679.00,26079,92477.00,12577.00
5,AR,2000 ,2673400 ,110019 ,11904 ,98115 ,168 ,848 ,2001 ,8887 ,21443 ,69740 ,6932 
5,AR,2001 ,2694698 ,111296 ,12190 ,99106 ,148 ,892 ,2181 ,8969 ,22196 ,69590 ,7320 
5,AR,2002 ,2706268 ,112672.00,11501 ,101171 ,142 ,754 ,2524 ,8081 ,23229 ,71525 ,6813 
5,AR,2003 ,2727774 ,111533 ,12449 ,99084 ,180 ,911 ,2227 ,9131 ,25016 ,68061 ,6007 
5,AR,2004 ,2750000 ,124725 ,13814 ,110911 ,176.00,1183 ,2372 ,10083 ,30151 ,74242 ,6581 
5,AR,2005 ,2775708.00,127584 ,14670 ,112914 ,189.00,1202 ,2532 ,10747 ,30118 ,75510 ,7286 
5,AR,2006 ,2810872.00,127177 ,15506 ,111521.00,205.00,1308 ,2766 ,11227 ,32042 ,72016 ,7463 
5,AR,2007 ,2834797.00,127568 ,15507 ,112061.00,191.00,1268 ,3024 ,10524 ,32072 ,72979 ,7010 
5,AR,2008.00,2867764.00,124224 ,14472 ,109752.00,164.00,1425 ,2756 ,10127 ,33772 ,69482 ,6498 
5,AR,2009.00,2889450.00,123983.00,14905 ,109078.00,179.00,1378 ,2576 ,10772.00,34753 ,68228.00,6097.00
5,AR,2010.00,2921588.00,118531.00,14711.00,103820.00,134.00,1321.00,2369.00,10887.00,32463,65796.00,5561.00
5,AR,2011.00,2938582.00,124603.00,14173.00,110430.00,160.00,1230.00,2357.00,10426.00,34016,70645.00,5769.00
5,AR,2012.00,2949828.00,123240.00,13851.00,109389.00,174.00,1233.00,2310.00,10134.00,32673,70982.00,5734.00
5,AR,2013.00,2958765.00,120182.00,13705.00,106477.00,158.00,1135.00,2261.00,9796.00,30369,70430.00,5678.00
5,AR,2014.00,2966835.00,113700.00,14248.00,99452.00,175.00,1291.00,2037.00,10220.00,24816,69001.00,5635.00
5,AR,2015.00,2977853.00,113160.00,15769.00,97391.00,189.00,1425.00,2117.00,11455.00,22851,68720.00,5820.00
4,AR,2016.00,2988231.00,114655.00,16563.00,98092.00,217.00,2214.00,2125.00,12007.00,23814,67091.00,7187.00
4,AR,2017.00,3002997.00,111415.00,16996.00,94419.00,249.00,2140.00,1998.00,12609.00,22369,64795.00,7255.00
4,AR,2018.00,3009733.00,106081.00,16904.00,89177.00,222.00,2341.00,1593.00,12748.00,19520,62350.00,7307.00
4,AR,2019.00,3017804.00,103893.00,17643.00,86250.00,242.00,2331.00,1557.00,13513.00,18095,60735.00,7420.00
5,AZ,2000 ,5130632 ,299092 ,27281 ,271811 ,359 ,1577 ,7504 ,17841 ,51902 ,176705 ,43204 
5,AZ,2001 ,5306966 ,322549 ,28675 ,293874 ,400 ,1518 ,8868 ,17889 ,54821 ,186850 ,52203 
5,AZ,2002 ,5441125 ,348467 ,30171 ,318296 ,387 ,1608 ,8000 ,20176 ,59087 ,201541 ,57668 
5,AZ,2003 ,5579222 ,340669.00,26334 ,314335 ,441 ,1856 ,7619 ,18722 ,58613 ,198725 ,56997 
5,AZ,2004 ,5739879 ,334028 ,28952 ,291203 ,414 ,1896 ,7721 ,18921 ,56885 ,179012 ,55306 
5,AZ,2005 ,5953007 ,317 823,30478 ,287345 ,445 ,2006 ,8579 ,19448 ,56328,176112 ,54905 
5,AZ,2006 ,6166318.00,316 286,30916 ,285370 ,465 ,1941 ,9226 ,19284 ,57055 ,173466 ,54849 
5,AZ,2007 ,6338755.00,310 364,30600 ,279764 ,468 ,1856 ,9618 ,18658.00,57825 ,173580 ,48389 
5,AZ,2008.00,6499377.00,296 956,31274 ,265682 ,454.00,2193.00,9757 ,18870.00,58125 ,169346 ,38211 
5,AZ,2009.00,6595778.00,264 849,28128 ,236721 ,380.00,2279.00,8199 ,17270.00,54308,155976.00,26437 
4,AZ,2010.00,6413158.00,253330.00,26528.00,226802.00,408.00,2191.00,6953.00,16976.00,50932,154137.00,21733.00
4,AZ,2011.00,6467315.00,256685.00,26789.00,229896.00,397.00,2499.00,7145.00,16748.00,54695,155400.00,19801.00
4,AZ,2012.00,6551149.00,259778.00,28077.00,231701.00,358.00,2282.00,7383.00,18054.00,52911,159808.00,18982.00
4,AZ,2013.00,6634997.00,250870.00,27576.00,223294.00,355.00,2344.00,6656.00,17391.00,48292,158036.00,16966.00
4,AZ,2014.00,6728783.00,239828.00,26422.00,213406.00,311.00,2356.00,6225.00,16614.00,43412,152683.00,17311.00
4,AZ,2015.00,6817565.00,235152.00,27968.00,207184.00,306.00,2268.00,6360.00,18193.00,38010,152388.00,16786.00
4,AZ,2016.00,6908642.00,239859.00,32542.00,207317.00,389.00,3304.00,7045.00,21804.00,38216,150618.00,18483.00
4,AZ,2017.00,7048876.00,240646.00,35647.00,204999.00,422.00,3622.00,7440.00,24163.00,37722,148251.00,19026.00
4,AZ,2018.00,7158024.00,226783.00,34053.00,192730.00,383.00,3605.00,6509.00,23556.00,31787,141789.00,19154.00
4,AZ,2019.00,7278717.00,210779.00,33141.00,177638.00,365.00,3662.00,6410.00,22704.00,28699,130788.00,18151.00
2,CA,2000 ,33871648 ,1266714 ,210531 ,1056183 ,2079 ,9785 ,60249 ,138418 ,222293 ,651855 ,182035 
2,CA,2001 ,34600463 ,1347056 ,212867 ,1134189 ,2206 ,9960 ,64614.00,136087 ,232273 ,697739 ,204177 
2,CA,2002 ,35001986 ,1384872.00,208388 ,1176484 ,2395 ,10198.00,64968 ,130827 ,238428,715692 ,222364 
2,CA,2003 ,35462712 ,1420637.00,205551 ,1215086 ,2407 ,9994.00,63770.00,129380 ,242272 ,731486 ,241326 
2,CA,2004 ,35842038 ,1416369 ,189175 ,1227194 ,2392 ,9615 ,61768 ,115400 ,245903 ,728687 ,252604 
2,CA,2005 ,36154147 ,1390710.00,190178 ,1200532 ,2503 ,9392 ,63622 ,114661 ,250521 ,692467 ,257543 
2,CA,2006.00,36457549 ,1350137.00,194120 ,1156017 ,2485 ,9212 ,70968 ,111455 ,246464 ,666860 ,242693 
2,CA,2007.00,36553213 ,1299685.00,191025 ,1108660 ,2260 ,9013 ,70542 ,109210 ,237025 ,652243 ,219392 
2,CA,2008.00,36580371 ,1265939.00,185173 ,1080766 ,2142 ,8903 ,69385 ,104743 ,237724 ,650513 ,192529 
2,CA,2009.00,36961664 ,1184367.00,174934 ,1009433 ,1972 ,8713 ,64093 ,100156 ,230198 ,615402.00,163833 
1,CA,2010.00,37338198.00,1146072.00,164133.00,981939.00,1809.00,8331.00,58116.00,95877.00,228857,600558.00,152524.00
1,CA,2011.00,37683933.00,1128765.00,154943.00,973822.00,1792.00,7665.00,54291.00,91195.00,230075,596905.00,146842.00
1,CA,2012.00,37999878.00,1210409.00,160944.00,1049465.00,1884.00,7837.00,56521.00,94702.00,245767,635090.00,168608.00
1,CA,2013.00,38431393.00,1173646.00,154739.00,1018907.00,1746.00,7464.00,53640.00,89029.00,232058,621557.00,165292.00
1,CA,2014.00,38792291.00,1100956.00,153763.00,947193.00,1700.00,8389.00,48681.00,91804.00,202669,592673.00,151851.00
1,CA,2015.00,38993940.00,1191797.00,166883.00,1024914.00,1861.00,9341.00,52862.00,99349.00,197404,656517.00,170993.00
1,CA,2016.00,39296476.00,1176866.00,174796.00,1002070.00,1930.00,13702.00,54789.00,104375.00,188304,637010.00,176756.00
1,CA,2017.00,39399349.00,1165660.00,178597.00,987063.00,1830.00,14724.00,56625.00,105418.00,176679,642019.00,168365.00
1,CA,2018.00,39461588.00,1118248.00,176604.00,941644.00,1739.00,15506.00,54328.00,105031.00,164645,621779.00,155220.00
1,CA,2019.00,39512223.00,1095445.00,174331.00,921114.00,1690.00,14799.00,52301.00,105541.00,152555,626802.00,141757.00
4,CO,2000 ,4301261 ,171304 ,14367 ,156937 ,134 ,1774 ,3034 ,9425 ,27133 ,112843 ,16961 
4,CO,2001 ,4430989 ,186379 ,15492 ,170887 ,158 ,1930 ,3555 ,9849 ,28533 ,121360 ,20994 
4,CO,2002 ,4501051 ,195936 ,15882 ,180054 ,179 ,2066 ,3579 ,10058 ,31678 ,125193 ,23183 
4,CO,2003 ,4547633 ,195466 ,15757 ,179709 ,185 ,1913 ,3738 ,9921 ,32394 ,124496 ,22816 
4,CO,2004 ,4601821 ,197443.00,17121 ,180322 ,201 ,1945 ,3739 ,11236 ,33010,123308 ,24004 
4,CO,2005 ,4663295 ,206947 ,18498 ,188449 ,173 ,2026 ,3948 ,12351.00,34746 ,127602 ,26101 
4,CO,2006 ,4753377 ,182660 ,18616 ,164054 ,158 ,2076 ,3835 ,12547.00,32422 ,110837 ,20795 
4,CO,2007 ,4861515 ,163047 ,16906 ,146141 ,153 ,1998 ,3453 ,11302.00,28751 ,100598 ,16792 
4,CO,2008.00,4935213 ,158236 ,17129 ,141107 ,156 ,2094 ,3369 ,11510.00,28222 ,99468 ,13417 
4,CO,2009.00,5024748 ,151218.00,17022 ,134196 ,159 ,2269 ,3371 ,11223.00,26637 ,95079 ,12480.00
4,CO,2010.00,5047692.00,151340.00,16339.00,135001.00,129.00,2230.00,3164.00,10816.00,26196,97534.00,11271.00
4,CO,2011.00,5116302.00,148866.00,16085.00,132781.00,155.00,2285.00,3299.00,10346.00,25725,96054.00,11002.00
1,CO,2012.00,5189458.00,155306.00,15951.00,139355.00,152.00,2122.00,3392.00,10285.00,26163,101091.00,12101.00
1,CO,2013.00,5272086.00,156073.00,16099.00,139974.00,174.00,2198.00,3136.00,9826.00,25075,102375.00,12524.00
1,CO,2014.00,5355588.00,152276.00,16487.00,135789.00,150.00,2236.00,3037.00,10211.00,23502,99688.00,12599.00
1,CO,2015.00,5448819.00,161392.00,17348.00,144044.00,173.00,2422.00,3315.00,10532.00,23490,104532.00,16022.00
1,CO,2016.00,5530105.00,171176.00,19030.00,152146.00,189.00,3635.00,3525.00,11681.00,23825,108680.00,19641.00
1,CO,2017.00,5615902.00,172933.00,20901.00,152032.00,222.00,4021.00,3868.00,12790.00,22618,107470.00,21944.00
1,CO,2018.00,5691287.00,177143.00,22851.00,154292.00,215.00,4328.00,3781.00,14527.00,21757,110518.00,22017.00
1,CO,2019.00,5758736.00,171127.00,21938.00,149189.00,218.00,3872.00,3663.00,14185.00,20064,107012.00,22113.00
5,CT,2000 ,3405565 ,110091 ,11058 ,99033 ,98 ,678 ,3832 ,6450 ,17436 ,68498 ,13099 
5,CT,2001 ,3434602 ,106791 ,11492 ,95299 ,105 ,639 ,4183 ,6565 ,17159 ,65762 ,12378 
5,CT,2002 ,3458587.00,104223 ,10807 ,93426 ,84 ,740 ,4069 ,5914 ,17111 ,64735 ,11580 
5,CT,2003 ,3486960 ,103026 ,11045 ,92981 ,112 ,698 ,4212 ,6023 ,16043 ,65043 ,11370 
5,CT,2004 ,3498966 ,103093 ,10112 ,93942 ,100 ,755 ,4188 ,5070 ,15959 ,66770 ,11213 
5,CT,2005 ,3500701 ,98336 ,9542 ,89794 ,105 ,712 ,3933 ,4792 ,15245 ,64416 ,10609 
5,CT,2006 ,3504809 ,97605 ,9841 ,87764 ,108 ,636 ,4241 ,4856 ,14694 ,62680 ,10390 
5,CT,2007 ,3502309 ,93017 ,8965 ,84052 ,106 ,658 ,3607 ,4594 ,15162 ,59723 ,9167 
5,CT,2008 ,3502932 ,97947 ,10737 ,87210 ,132 ,680 ,4043 ,5882 ,15107 ,63212 ,8891 
5,CT,2009 ,3518288 ,93213 ,10588 ,82625.00,106 ,657 ,4001.00,5824 ,15172 ,59992 ,7461 
5,CT,2010.00,3575498.00,88342.00,10083.00,78259.00,133.00,595.00,3553.00,5802.00,15145,56413.00,6701.00
3,CT,2011.00,3586717.00,87094.00,9889.00,77205.00,129.00,689.00,3689.00,5382.00,15468,55067.00,6670.00
2,CT,2012.00,3591765.00,87352.00,10183.00,77169.00,117.00,933.00,3709.00,5424.00,14787,55904.00,6478.00
2,CT,2013.00,3599341.00,80713.00,9439.00,71274.00,91.00,647.00,3551.00,4906.00,12934,52099.00,6241.00
2,CT,2014.00,3594762.00,77901.00,8575.00,69326.00,89.00,579.00,3172.00,4520.00,12017,51195.00,6114.00
2,CT,2015.00,3584730.00,73548.00,7938.00,65610.00,116.00,585.00,2925.00,4099.00,10286,48898.00,6426.00
2,CT,2016.00,3587685.00,73044.00,8169.00,64875.00,79.00,791.00,2711.00,4588.00,10107,47642.00,7126.00
2,CT,2017.00,3573880.00,71836.00,8190.00,63646.00,105.00,850.00,2813.00,4422.00,8906,47418.00,7322.00
2,CT,2018.00,3571520.00,66841.00,7485.00,59356.00,86.00,873.00,2205.00,4321.00,7983,44181.00,7192.00
2,CT,2019.00,3565287.00,57408.00,6546.00,50862.00,104.00,771.00,1929.00,3742.00,6441,38457.00,5964.00
5,DE,2000 ,783600 ,35090 ,5363 ,29727 ,25 ,424 ,1394 ,3520 ,5216,21360 ,3151 
5,DE,2001 ,796599 ,32267 ,4868 ,27399 ,23 ,420 ,1156 ,3269 ,5144 ,19476 ,2779 
5,DE,2002 ,805945 ,31803 ,4836 ,26967 ,26 ,358 ,1154 ,3298 ,5355 ,18555 ,3057 
5,DE,2003 ,818166 ,33468 ,5525 ,27943 ,21 ,370 ,1441 ,3693 ,6066 ,18933 ,2944 
5,DE,2004 ,830069 ,32361 ,5105 ,27256 ,28 ,357 ,1343 ,3377 ,5669,19285 ,2302.00
5,DE,2005 ,841741 ,31577.00,5332 ,26245 ,37 ,377 ,1306 ,3612.00,5811,18085 ,2349 
5,DE,2006 ,853476 ,34488.00,5817 ,29171 ,42 ,400 ,1735 ,3640.00,6189,20166 ,2816 
5,DE,2007 ,864764 ,35103.00,5960 ,29143 ,37 ,336 ,1706 ,3881.00,6341,20486 ,2316 
5,DE,2008.00,876211 ,37532.00,6187 ,31385 ,57 ,371 ,1847 ,3912.00,6783,22045 ,2557.00
5,DE,2009.00,885122 ,35398.00,5713.00,29685 ,41 ,395 ,1680 ,3597.00,6943,20836 ,1906.00
5,DE,2010.00,899792.00,36686.00,5608.00,31078.00,51.00,326.00,1839.00,3392.00,7550,21593.00,1935.00
4,DE,2011.00,908137.00,36307.00,5144.00,31163.00,48.00,307.00,1558.00,3231.00,7617,22001.00,1545.00
4,DE,2012.00,917053.00,35755.00,5048.00,30707.00,56.00,249.00,1498.00,3245.00,7389,21880.00,1438.00
4,DE,2013.00,925240.00,33634.00,4633.00,29001.00,41.00,278.00,1233.00,2960.00,6299,21347.00,1355.00
4,DE,2014.00,935968.00,32483.00,4568.00,27915.00,50.00,274.00,1271.00,2857.00,5765,20885.00,1265.00
2,DE,2015.00,944076.00,30305.00,4760.00,25545.00,62.00,257.00,1240.00,3097.00,4797,19555.00,1193.00
2,DE,2016.00,952065.00,31178.00,4844.00,26334.00,56.00,221.00,1359.00,3121.00,5023,19791.00,1520.00
2,DE,2017.00,957078.00,27807.00,4377.00,23430.00,51.00,351.00,1082.00,2893.00,3960,18108.00,1362.00
2,DE,2018.00,965479.00,26484.00,4079.00,22405.00,46.00,334.00,861.00,2838.00,3154,17780.00,1471.00
2,DE,2019.00,973764.00,26046.00,4115.00,21931.00,48.00,310.00,790.00,2967.00,2968,17359.00,1604.00
5,FL,2000 ,15982378 ,910154 ,129777 ,780377 ,903 ,7057 ,31809 ,90008 ,172898 ,518298 ,89181 
5,FL,2001 ,16373330 ,913230 ,130713 ,782517 ,874 ,6641 ,32867 ,90331 ,176052 ,516548 ,89917 
5,FL,2002 ,16691701.00,905957 ,128721 ,777236 ,911 ,6753 ,32581 ,88476 ,177242 ,511478 ,88516 
5,FL,2003 ,16999181.00,881976 ,124280 ,757696 ,924 ,6727 ,31523 ,85106 ,170644 ,505489 ,81563 
5,FL,2004 ,17385430 ,850895 ,123754 ,727141 ,946 ,6612 ,29997 ,86199 ,166332 ,482484 ,78325 
5,FL,2005 ,17768191 ,838965 ,125957 ,712998 ,883 ,6592 ,30141 ,88341 ,164783 ,472912 ,75303.00
5,FL,2006 ,18089888.00,849879 ,128795 ,721084 ,1129 ,6475 ,34147 ,87044 ,170873 ,473774 ,76437.00
5,FL,2007 ,18251243.00,878227 ,131880 ,746347 ,1201 ,6151 ,38162 ,86366 ,181833 ,490858 ,73656.00
5,FL,2008 ,18423878.00,885166 ,126260 ,758906 ,1169 ,5972 ,36269 ,82850 ,188475 ,506914 ,63517.00
5,FL,2009.00,18537969.00,825551 ,113541 ,712010 ,1017 ,5501 ,30911 ,76112 ,181884 ,479867 ,50259.00
5,FL,2010.00,18838613.00,771004.00,101969.00,669035.00,987.00,5373.00,26086.00,69523.00,169119,458454.00,41462.00
5,FL,2011.00,19082262.00,769398.00,98198.00,671200.00,984.00,5273.00,25622.00,66319.00,170171,461408.00,39621.00
5,FL,2012.00,19320749.00,727075.00,94087.00,632988.00,1009.00,5260.00,23889.00,63929.00,153563,442095.00,37330.00
5,FL,2013.00,19600311.00,699163.00,91993.00,607170.00,972.00,4765.00,23200.00,61054.00,138915,433344.00,34911.00
4,FL,2014.00,19905569.00,675119.00,91345.00,583774.00,982.00,5038.00,21621.00,61610.00,121379,426197.00,36198.00
2,FL,2015.00,20244914.00,663895.00,93625.00,570270.00,1041.00,5396.00,21137.00,63895.00,109268,420341.00,40661.00
2,FL,2016.00,20612439.00,642512.00,88700.00,553812.00,1111.00,5528.00,20175.00,59816.00,100325,410352.00,43135.00
2,FL,2017.00,20976812.00,612731.00,85606.00,527125.00,1057.00,7936.00,18597.00,58016.00,88835,395375.00,42915.00
2,FL,2018.00,21244317.00,567997.00,81980.00,486017.00,1107.00,8438.00,16884.00,55551.00,71933,372919.00,41165.00
2,FL,2019.00,21477737.00,542116.00,81270.00,460846.00,1122.00,8456.00,16217.00,55475.00,63396,358402.00,39048.00
5,GA,2000 ,8186453 ,388949 ,41319 ,347630 ,651 ,1968 ,13250 ,25450 ,68488 ,240440 ,38702 
5,GA,2001 ,8405677 ,389543 ,41671 ,347872 ,598 ,2180 ,14402 ,24491 ,71799,238484 ,37589 
5,GA,2002 ,8544005 ,385830 ,39271 ,346559 ,606 ,2108 ,13432 ,23125 ,73932 ,234591 ,38036 
5,GA,2003 ,8676460 ,409024 ,39435 ,369589 ,657 ,2234 ,14043 ,22501 ,79001 ,247916 ,43392 
5,GA,2004 ,8918129 ,416873 ,40217 ,376656 ,613 ,2387 ,13656 ,23561 ,82992 ,249426 ,44238.00
5,GA,2005 ,9132553 ,419259 ,40725 ,378534 ,564 ,2143 ,14041 ,23977 ,84463 ,249594 ,44477 
5,GA,2006 ,9363941 ,408289 ,44106 ,364183 ,600 ,2173 ,15509 ,25824 ,85117 ,235903 ,43163 
5,GA,2007 ,9544750 ,419417 ,47075 ,372342 ,717 ,2178 ,17340 ,26839 ,90690 ,239058 ,42594 
5,GA,2008.00,9697838 ,434560 ,47461 ,387099 ,650 ,2344 ,17862 ,26605 ,100662 ,246844.00,39593.00
5,GA,2009.00,9829211 ,403058 ,42073 ,360985 ,566 ,2323.00,14631 ,24553 ,98606,229216.00,33163.00
5,GA,2010.00,9712157.00,392517.00,39068.00,353449.00,555.00,2107.00,12372.00,24034.00,96947,226161.00,30341.00
5,GA,2011.00,9812460.00,393997.00,36762.00,357235.00,549.00,2066.00,12266.00,21881.00,96014,231543.00,29678.00
5,GA,2012.00,9915646.00,377148.00,37675.00,339473.00,583.00,2143.00,12502.00,22447.00,86992,223875.00,28606.00
5,GA,2013.00,9994759.00,377327.00,37519.00,339808.00,563.00,2022.00,12704.00,21361.00,83459,229190.00,27159.00
5,GA,2014.00,10097132.00,378101.00,38955.00,339146.00,607.00,2209.00,12786.00,22415.00,78029,233359.00,27758.00
4,GA,2015.00,10199398.00,354904.00,38891.00,316013.00,622.00,2343.00,12545.00,22467.00,68149,220715.00,27149.00
4,GA,2016.00,10310371.00,350760.00,40990.00,309770.00,681.00,2528.00,12205.00,24595.00,63344,219625.00,26801.00
2,GA,2017.00,10413055.00,334769.00,37118.00,297651.00,681.00,2646.00,9844.00,23947.00,55363,216252.00,26036.00
2,GA,2018.00,10511131.00,313422.00,35619.00,277803.00,647.00,2798.00,8499.00,23675.00,46816,205631.00,25356.00
2,GA,2019.00,10617423.00,288419.00,36170.00,252249.00,654.00,2922.00,7961.00,24633.00,39506,188967.00,23776.00
4,HI,2000 ,1211537 ,62987 ,2954 ,60033 ,35 ,346 ,1123.00,1450 ,10665 ,43254 ,6114 
4,HI,2001 ,1227024 ,65947 ,3117 ,62830 ,32 ,409 ,1142 ,1534 ,11162 ,44925 ,6743 
4,HI,2002 ,1240663.00,75238 ,3262 ,71976 ,24 ,372 ,1210 ,1656 ,12722 ,49344 ,9910 
4,HI,2003 ,1248755 ,69267 ,3400 ,65867 ,22 ,367 ,1168 ,1843 ,11409 ,44807 ,9651 
4,HI,2004 ,1262124 ,63738 ,3213 ,60525 ,33 ,333 ,944 ,1903 ,10827 ,41078 ,8620 
4,HI,2005 ,1273278 ,64368 ,3253 ,61115 ,24 ,343 ,1001.00,1885 ,9792 ,42188 ,9135 
4,HI,2006 ,1285498  ,57997 ,3615 ,54382 ,21 ,355 ,1143.00,2096 ,8709 ,37910 ,7763 
4,HI,2007 ,1283388  ,57729 ,3501 ,54228 ,22 ,326 ,1105.00,2048 ,9097 ,38416 ,6715 
4,HI,2008.00,1287481  ,49454 ,3510 ,45944 ,26 ,363 ,1085.00,2036 ,9404 ,31424 ,5116 
4,HI,2009.00,1295178  ,51066.00,3550 ,47516.00,23 ,385 ,1030.00,2112 ,9244 ,33415 ,4857.00
4,HI,2010.00,1363359.00,49270.00,3603.00,45667.00,25.00,377.00,1065.00,2136.00,8706,31681.00,5280.00
4,HI,2011.00,1378129.00,47339.00,3465.00,43874.00,20.00,353.00,994.00,2098.00,8165,31240.00,4469.00
4,HI,2012.00,1390090.00,46797.00,3378.00,43419.00,21.00,279.00,1125.00,1953.00,7653,31901.00,3865.00
4,HI,2013.00,1408987.00,48851.00,3585.00,45266.00,32.00,366.00,934.00,2111.00,7777,32928.00,4561.00
4,HI,2014.00,1420257.00,49384.00,3362.00,46022.00,20.00,388.00,952.00,1842.00,7470,33003.00,5549.00
4,HI,2015.00,1425157.00,48919.00,3530.00,45389.00,29.00,382.00,1085.00,1878.00,6810,33140.00,5439.00
4,HI,2016.00,1428557.00,47170.00,4417.00,42753.00,35.00,447.00,994.00,2769.00,6017,31082.00,5654.00
4,HI,2017.00,1424203.00,43969.00,3577.00,40392.00,39.00,567.00,1077.00,1894.00,5549,29574.00,5269.00
4,HI,2018.00,1420593.00,44649.00,3622.00,41027.00,40.00,709.00,951.00,1922.00,5709,29600.00,5718.00
4,HI,2019.00,1415872.00,44270.00,4042.00,40228.00,48.00,765.00,1131.00,2098.00,5340,29634.00,5254.00
5,IA,2000 ,2926324 ,94630 ,7796 ,86834 ,46 ,676 ,1071 ,6003 ,16342 ,65118 ,5374.00
5,IA,2001 ,2931967 ,96499 ,7865 ,88634 ,50 ,649 ,1154 ,6012 ,16885 ,66244 ,5505 
5,IA,2002 ,2935840 ,101265 ,8388 ,92877 ,44 ,797 ,1169 ,6378 ,18643 ,68411 ,5823 
5,IA,2003 ,2941976 ,95729 ,8175 ,87554 ,50 ,796 ,1131 ,6198 ,17515 ,64400 ,5639 
5,IA,2004 ,2952904 ,94274 ,8499 ,85775 ,44.00,782.00,1160.00,6513 ,17928 ,62214 ,5633 
5,IA,2005 ,2965524 ,93067 ,8697 ,84370 ,40 ,847 ,1153 ,6657 ,18147 ,60723 ,5500.00
5,IA,2006 ,2982085 ,92024 ,8455 ,83579 ,55 ,828 ,1298 ,6274 ,18017,60556 ,5006.00
5,IA,2007 ,2988046 ,86959 ,8805 ,78154 ,37 ,904 ,1313 ,6551 ,16941,56328 ,4885.00
5,IA,2008 ,2993987 ,81927 ,8651 ,73276 ,77 ,937 ,1249 ,6388 ,16598,52302 ,4376.00
5,IA,2009.00,3007856 ,78565 ,8485.00,70080.00,38.00,890.00,1201.00,6356.00,16419,49757.00,3904.00
5,IA,2010.00,3050202.00,76931.00,8191.00,68740.00,38.00,883.00,1012.00,6258.00,16746,48194.00,3800.00
5,IA,2011.00,3064097.00,79926.00,7883.00,72043.00,44.00,866.00,824.00,6149.00,17573,50472.00,3998.00
5,IA,2012.00,3075039.00,78524.00,8167.00,70357.00,49.00,901.00,962.00,6255.00,17201,49116.00,4040.00
5,IA,2013.00,3092341.00,76419.00,8443.00,67976.00,41.00,873.00,937.00,6332.00,15918,47803.00,4255.00
4,IA,2014.00,3109481.00,73584.00,8484.00,65100.00,60.00,829.00,1047.00,6227.00,14363,46594.00,4143.00
4,IA,2015.00,3121997.00,73307.00,8619.00,64688.00,73.00,877.00,1050.00,6291.00,14977,45328.00,4383.00
4,IA,2016.00,3134693.00,74501.00,9110.00,65391.00,71.00,922.00,1148.00,6644.00,15030,45378.00,4983.00
4,IA,2017.00,3143637.00,74690.00,9038.00,65652.00,98.00,1305.00,1269.00,6366.00,14711,45441.00,5500.00
4,IA,2018.00,3148618.00,65327.00,8303.00,57024.00,70.00,1126.00,989.00,6118.00,12433,39498.00,5093.00
4,IA,2019.00,3155070.00,63109.00,8410.00,54699.00,60.00,1164.00,863.00,6323.00,11710,37847.00,5142.00
5,ID,2000 ,1293953.00,41228 ,3267 ,37961 ,16 ,384 ,223 ,2644 ,7330 ,28545 ,2086 
5,ID,2001 ,1320585 ,41392 ,3211 ,38181 ,30 ,425.00,245 ,2511 ,7507 ,28285 ,2389 
5,ID,2002 ,1343124 ,42547 ,3419 ,39128 ,36 ,497 ,240 ,2646 ,7441 ,29060 ,2627 
5,ID,2003 ,1367034 ,43404 ,3362 ,40042 ,26 ,535 ,245 ,2556 ,7837 ,29559 ,2646 
5,ID,2004 ,1395140 ,42251 ,3452 ,38799 ,31 ,594 ,241 ,2586 ,7671 ,28389 ,2739 
5,ID,2005 ,1429367.00,42226 ,3670 ,38556 ,35 ,577 ,266 ,2792 ,8066 ,27606 ,2884 
5,ID,2006 ,1466465 ,39096 ,3625 ,35471 ,36 ,587 ,301 ,2701 ,7526 ,25516 ,2429.00
5,ID,2007 ,1499402 ,37274 ,3589 ,33685 ,49 ,578 ,233 ,2729 ,6977 ,24482 ,2226.00
5,ID,2008 ,1527506 ,35930 ,3678 ,32252 ,23 ,577 ,241 ,2837 ,6805 ,23772 ,1675.00
5,ID,2009 ,1545801 ,35025 ,3805.00,31220 ,24 ,575 ,254 ,2952 ,6682 ,23066 ,1472.00
5,ID,2010.00,1571102.00,34900.00,3464.00,31436.00,22.00,533.00,213.00,2696.00,6513,23594.00,1329.00
5,ID,2011.00,1583744.00,36077.00,3202.00,32875.00,35.00,444.00,188.00,2535.00,6915,24629.00,1331.00
5,ID,2012.00,1595590.00,35173.00,3348.00,31825.00,30.00,495.00,243.00,2580.00,7240,23203.00,1382.00
5,ID,2013.00,1612843.00,33701.00,3471.00,30230.00,29.00,516.00,220.00,2548.00,6693,21999.00,1538.00
5,ID,2014.00,1634806.00,33879.00,3439.00,30440.00,32.00,463.00,203.00,2559.00,6466,22297.00,1677.00
5,ID,2015.00,1652828.00,32505.00,3593.00,28912.00,32.00,508.00,191.00,2667.00,6124,20916.00,1872.00
5,ID,2016.00,1683140.00,33233.00,3876.00,29357.00,49.00,529.00,213.00,2895.00,6318,20962.00,2077.00
5,ID,2017.00,1718904.00,32668.00,4111.00,28557.00,42.00,755.00,222.00,3092.00,5837,20570.00,2150.00
5,ID,2018.00,1750536.00,30018.00,4196.00,25822.00,34.00,927.00,195.00,3040.00,4990,18876.00,1956.00
5,ID,2019.00,1787065.00,25793.00,4000.00,21793.00,35.00,809.00,155.00,3001.00,3927,16295.00,1571.00
5,IL,*2000 ,12419293 ,532315 ,81567 ,450748.00,891 ,4090 ,25758 ,50828 ,81913 ,312692 ,56143 
5,IL,2001 ,12520227 ,513918 ,79270 ,434648 ,982 ,4010 ,24931 ,49347 ,79158 ,306757 ,48733 
5,IL,2002 ,12586447 ,506238.00,75759 ,430479 ,961 ,4370 ,25314 ,45114 ,81440,304277 ,44812 
5,IL,2003 ,12649087 ,486231 ,70376 ,415885 ,895.00,4189 ,23786 ,41506 ,78345 ,295907 ,41633 
5,IL,2004 ,12712016 ,472 851,69365 ,403486 ,780 ,4220 ,22582 ,41783 ,76088 ,287025.00,40373 
5,IL,2005 ,12765427 ,475166.00,70496.00,394670.00,770 ,4313 ,23255 ,42158 ,77635 ,277662 ,39373 
5,IL,2006 ,12831970 ,456976.00,69498.00,387478.00,780 ,4078 ,23782 ,40858 ,77259 ,272578 ,37.641 
5,IL,2007 ,12852548 ,445850.00,68528.00,377322.00,752 ,4103 ,23100 ,40573 ,75524 ,267911 ,33.877 
5,IL,2008 ,12842954 ,449087.00,67840.00,381247.00,790.00,4104 ,24067 ,38879 ,78968 ,269553 ,32.726 
5,IL,2009 ,12910409 ,417532.00,64185.00,353347.00,773.00,3901 ,22923 ,36588 ,77850 ,248821 ,26.676 
5,IL,2010.00,12841980.00,406196.00,57132.00,349064.00,704.00,3066.00,20386.00,32976.00,77472,242681.00,28.91
5,IL,2011.00,12859752.00,398991.00,54523.00,344468.00,781.00,3030.00,20217.00,30495.00,77719,237362.00,29387.00
5,IL,2012.00,12868192.00,386262.00,53556.00,332706.00,770.00,3581.00,19480.00,29725.00,71100,235314.00,26292.00
4,IL,2013.00,12890552.00,348004.00,51956.00,296048.00,722.00,3895.00,17733.00,28161.00,59093,216059.00,20896.00
4,IL,2014.00,12882189.00,317422.00,47775.00,269647.00,690.00,3182.00,15271.00,27485.00,50759,201003.00,17885.00
4,IL,2015.00,12839047.00,306717.00,49755.00,256962.00,754.00,3602.00,15056.00,29019.00,46846,192424.00,17692.00
2,IL,2016.00,12801539.00,318160.00,55854.00,262306.00,1054.00,3635.00,17827.00,32065.00,47989,194407.00,19910.00
2,IL,2017.00,12786196.00,310885.00,55777.00,255108.00,983.00,5424.00,17731.00,31639.00,43355,190860.00,20893.00
2,IL,2018.00,12723071.00,299022.00,52343.00,246679.00,902.00,6106.00,14251.00,31084.00,39317,187517.00,19845.00
1,IL,2019.00,12671821.00,285545.00,51561.00,233984.00,832.00,6078.00,12464.00,32187.00,34433,180776.00,18775.00
5,IN,2000 ,6080485 ,228135 ,21230 ,206905 ,352 ,1759 ,6282 ,12837 ,41108 ,144707 ,21090 
5,IN,2001 ,6126743 ,234282 ,22734 ,211548 ,413 ,1716 ,7171 ,13434 ,42758 ,147291 ,21499 
5,IN,2002 ,6156913 ,230966 ,22001 ,208965 ,362 ,1843 ,6612 ,13184 ,42605 ,146073 ,20.287 
5,IN,2003 ,6199571 ,229881 ,21842 ,208039 ,338 ,1720 ,6401 ,13383 ,41582 ,145686 ,20771 
5,IN,2004 ,6226537 ,232223 ,20294 ,211929 ,316 ,1803 ,6373 ,11802 ,42168 ,148670 ,21091 
5,IN,2005 ,6266019 ,237080 ,20302 ,216778 ,356 ,1856 ,6809 ,11281 ,43756 ,151278 ,21744 
5,IN,2006 ,6313520  ,240993 ,19876 ,221127 ,369 ,1835 ,7243 ,10429 ,46168 ,153093 ,21866 
5,IN,2007 ,6345289  ,236691 ,21165 ,215526 ,356 ,1742.00,7872 ,11195 ,46919 ,149050 ,19557 
5,IN,2008 ,6388309 ,233479 ,21520 ,212959 ,322 ,1708.00,7591 ,11899 ,48905 ,146545 ,17509 
5,IN,2009 ,6423113 ,221362 ,21455 ,199907.00,312 ,1621.00,7347 ,12175 ,48880 ,137190 ,13837 
5,IN,2010.00,6490622.00,220257.00,20983.00,199274.00,268.00,1760.00,6559.00,12396.00,48570,137204.00,13500.00
5,IN,2011.00,6516353.00,227635.00,21619.00,206016.00,306.00,1758.00,6977.00,12578.00,50571,140630.00,14815.00
5,IN,2012.00,6537782.00,220538.00,22544.00,197994.00,307.00,1661.00,6601.00,13975.00,47689,136668.00,13637.00
5,IN,2013.00,6570713.00,211099.00,23627.00,187472.00,357.00,1623.00,7114.00,13915.00,42754,130534.00,14184.00
5,IN,2014.00,6597880.00,199014.00,24105.00,174909.00,333.00,1608.00,6894.00,14681.00,36909,124144.00,13856.00
5,IN,2015.00,6612768.00,197251.00,25373.00,171878.00,370.00,1757.00,7081.00,15536.00,34404,123940.00,13534.00
5,IN,2016.00,6633053.00,198604.00,26845.00,171759.00,439.00,1851.00,7330.00,16575.00,34097,122931.00,14731.00
5,IN,2017.00,6660082.00,185239.00,26307.00,158932.00,413.00,2612.00,7035.00,16247.00,29799,114395.00,14738.00
5,IN,2018.00,6695497.00,171957.00,25009.00,146948.00,418.00,2486.00,5737.00,16368.00,25894,105861.00,15193.00
4,IN,2019.00,6732219.00,157660.00,24966.00,132694.00,377.00,2475.00,5331.00,16783.00,21795,97176.00,13723.00
5,KS,*2000 ,2688418 ,118527 ,10470 ,108057 ,169 ,1022 ,2048 ,7231 ,21484 ,80077 ,6496 
5,KS,2001 ,2702125 ,116446 ,10909 ,105537 ,92 ,945 ,2423 ,7449 ,20514 ,77038 ,7985 
5,KS,2002 ,2711769 ,110997 ,10229 ,100768 ,78 ,1035 ,2165 ,6951 ,19679 ,73677 ,7212 
5,KS,2003 ,2724786 ,120107 ,10831 ,109276 ,125 ,1085 ,2247 ,7374 ,21973 ,79471 ,7832 
5,KS,2004 ,2733697 ,120101 ,10330 ,109771 ,122.00,1142 ,1812 ,7254 ,20146 ,81115 ,8510 
5,KS,2005 ,2748172 ,115289 ,10701 ,104588 ,101 ,1098 ,1795 ,7707 ,19028 ,7622 ,9338 
5,KS,2006 ,2764075 ,115406 ,11748 ,103658 ,127 ,1238 ,1877 ,8506 ,19992 ,74963 ,8703 
5,KS,2007 ,2775997 ,114686 ,12566 ,102120 ,107 ,1231 ,2016 ,9212 ,20263 ,73293 ,8564 
5,KS,2008 ,2797375 ,106775 ,11586 ,95189 ,113 ,1230 ,1682 ,8561 ,19743 ,68028 ,7418 
5,KS,2009 ,2818747 ,102390.00,11460.00,90930 ,125 ,1179 ,1786 ,8370 ,19473,65499 ,5958 
5,KS,2010.00,2859143.00,99711.00,10602.00,89109.00,97.00,1146.00,1538.00,7821.00,19315,63774.00,6020.00
5,KS,2011.00,2870386.00,98864.00,10209.00,88655.00,111.00,1122.00,1448.00,7528.00,18712,63259.00,6684.00
5,KS,2012.00,2885398.00,101358.00,10292.00,91066.00,85.00,1105.00,1493.00,7609.00,18874,65413.00,6779.00
5,KS,2013.00,2895801.00,95632.00,9928.00,85704.00,117.00,1003.00,1339.00,7177.00,17476,61557.00,6671.00
5,KS,2014.00,2902507.00,90264.00,10235.00,80029.00,92.00,1066.00,1361.00,7299.00,15921,57169.00,6939.00
5,KS,2015.00,2906721.00,91542.00,11483.00,80059.00,126.00,1226.00,1823.00,7850.00,15619,57435.00,7005.00
2,KS,2016.00,2907289.00,89427.00,11060.00,78367.00,111.00,971.00,1671.00,7966.00,14364,57066.00,6937.00
2,KS,2017.00,2910689.00,91041.00,11654.00,79387.00,134.00,1504.00,1633.00,8383.00,13102,58891.00,7394.00
2,KS,2018.00,2911359.00,90310.00,12861.00,77449.00,122.00,1664.00,1420.00,9655.00,12792,56726.00,7931.00
2,KS,2019.00,2913314.00,79396.00,11968.00,67428.00,105.00,1416.00,1293.00,9154.00,9984,50165.00,7279.00
5,KY,*2000 ,4041769 ,119626 ,11903 ,107723 ,193 ,1091 ,3256 ,7363 ,25308 ,73141 ,9274.00
5,KY,2001 ,4068816 ,117866.00,10510 ,107356 ,181 ,1051 ,3269 ,6009 ,26964 ,71448 ,8944 
5,KY,2002 ,4089822.00,119691 ,11101 ,108590 ,191 ,1087 ,3131 ,6692 ,26891 ,72378 ,9321 
5,KY,2003 ,4118189 ,113602 ,10232 ,103370 ,181 ,1124 ,3224 ,5703 ,26034 ,69083 ,8253 
5,KY,2004 ,4141835 ,115361 ,10152 ,105209 ,236 ,1238 ,3268 ,5410 ,25902 ,70535 ,8772.00
5,KY,2005.00,4172608 ,116732.00,11134 ,105608 ,190 ,1421 ,3690 ,5833 ,26458 ,70354 ,8796 
5,KY,2006.00,4206074 ,118086 ,11063 ,107023 ,168 ,1297 ,3626 ,5972 ,27122 ,70658 ,9243 
5,KY,2007.00,4241474 ,119326 ,12513 ,106813 ,204 ,1381 ,4069 ,6859 ,27683 ,70455 ,8675 
5,KY,2008.00,4287931 ,127106 ,12815 ,114291 ,202 ,1449 ,4060 ,7104 ,29535 ,77093 ,7663 
5,KY,2009.00,4314113 ,119914 ,11000 ,108914 ,184 ,1531.00,3642 ,5643 ,29880 ,72938.00,6096.00
5,KY,2010.00,4347223.00,121774.00,10604.00,111170.00,188.00,1438.00,3748.00,5230.00,30433,74488.00,6239.00
5,KY,2011.00,4366814.00,129502.00,10465.00,119037.00,151.00,1499.00,3705.00,5110.00,32750,79586.00,6701.00
5,KY,2012.00,4379730.00,122652.00,9852.00,112800.00,201.00,1312.00,3547.00,4792.00,29877,76199.00,6724.00
5,KY,2013.00,4399583.00,113728.00,9280.00,104448.00,172.00,951.00,3247.00,4215.00,26331,72048.00,6069.00
5,KY,2014.00,4412617.00,109404.00,9495.00,99909.00,164.00,1098.00,3343.00,4432.00,23426,70108.00,6375.00
5,KY,2015.00,4424611.00,107432.00,9887.00,97545.00,219.00,1165.00,3314.00,4710.00,22526,67143.00,7876.00
5,KY,2016.00,4436974.00,107466.00,10308.00,97158.00,260.00,1174.00,3369.00,5038.00,20834,66438.00,9886.00
5,KY,2017.00,4453874.00,106191.00,10292.00,95899.00,265.00,1817.00,2967.00,5243.00,20535,65006.00,10358.00
5,KY,2018.00,4461153.00,98954.00,9719.00,89235.00,250.00,1875.00,2469.00,5125.00,17462,61313.00,10460.00
5,KY,2019.00,4467673.00,94470.00,9701.00,84769.00,221.00,1572.00,2161.00,5747.00,15443,59130.00,10196.00
5,LA,2000 ,4468976 ,242344 ,30440 ,211904 ,560.00,1497 ,7532 ,20851 ,46289 ,144345.00,21270.00
5,LA,2001 ,4470368 ,238371 ,30678 ,207693 ,501 ,1403 ,7864 ,20910 ,46451 ,139555 ,21687 
5,LA,2002 ,4476192 ,228528 ,29690 ,198838 ,593.00,1529 ,7123 ,20445 ,45350 ,133302 ,20186 
5,LA,2003 ,4493665 ,222320 ,28622 ,193698 ,584 ,1601 ,7008 ,19429 ,44572 ,129471 ,19655 
5,LA,2004 ,4506685.00,227997 ,28844 ,199153 ,574.00,1616.00,6564.00,20090 ,45359 ,134080 ,19714.00
5,LA,2005 ,4507331.00,193500 ,26889 ,166611 ,450.00,1421 ,5337 ,19681 ,39381 ,112840.00,14389.00
5,LA,2006 ,4287768 ,201258 ,29919 ,171239 ,530.00,1562 ,5729 ,22098 ,44986 ,110613.00,15640.00
5,LA,2007 ,4293204 ,205308 ,31317 ,174991 ,608.00,1393 ,6083 ,23233 ,44402 ,115209.00,15180.00
5,LA,2008 ,4451513 ,200723 ,29576 ,171147 ,541.00,1253 ,6250 ,21532 ,45513 ,112062.00,13572.00
5,LA,2009 ,4492076 ,201497 ,28878 ,172619.00,529.00,1351 ,6150 ,20848 ,46928,114102.00,11589.00
5,LA,2010.00,4545343.00,190908.00,25241.00,165667.00,500.00,1230.00,5297.00,18214.00,45437,110260.00,9970.00
5,LA,2011.00,4574766.00,193902.00,25373.00,168529.00,506.00,1262.00,5235.00,18370.00,46242,113174.00,9113.00
5,LA,2012.00,4602134.00,185512.00,22839.00,162673.00,489.00,1155.00,5458.00,15737.00,42037,112764.00,7872.00
5,LA,2013.00,4629284.00,189806.00,24127.00,165679.00,494.00,1248.00,5539.00,16331.00,41214,115300.00,9165.00
4,LA,2014.00,4648990.00,185175.00,23983.00,161192.00,476.00,981.00,5725.00,16400.00,38541,113251.00,9400.00
4,LA,2015.00,4668960.00,182910.00,25202.00,157708.00,492.00,1246.00,5561.00,17416.00,35457,112520.00,9731.00
4,LA,2016.00,4681666.00,180888.00,26502.00,154386.00,554.00,1328.00,5576.00,18556.00,34667,109380.00,10339.00
4,LA,2017.00,4670818.00,183258.00,25986.00,157272.00,576.00,1850.00,5385.00,18175.00,34135,112042.00,11095.00
4,LA,2018.00,4659690.00,178310.00,25314.00,152996.00,533.00,2105.00,4600.00,18076.00,31291,110066.00,11639.00
4,LA,2019.00,4648794.00,172530.00,25537.00,146993.00,544.00,2273.00,4025.00,18695.00,26918,109359.00,10716.00
5,MA,2000 ,6349097 ,192131 ,30230 ,161901 ,125 ,1696 ,5815 ,22594 ,30600 ,105425 ,25876 
5,MA,2001 ,6401164 ,197664 ,30585.00,167079 ,143 ,1856 ,6476 ,22110 ,32430 ,106821.00,27828 
5,MA,2002 ,6421800 ,198890 ,31137 ,167753 ,173 ,1777 ,7169 ,22018 ,33243 ,107922 ,26588 
5,MA,2003 ,6420357 ,194920 ,30377 ,164543 ,140 ,1848 ,8011 ,20378 ,34963 ,104069 ,25511 
5,MA,2004 ,6407382 ,187639 ,29489.00,158150 ,171 ,1794 ,7484 ,20040 ,34497 ,101605 ,22048 
5,MA,2005 ,6433367 ,180362 ,29644 ,151727 ,178 ,1751 ,7837 ,19878 ,34728 , 98079 ,18920 
5,MA,2006 ,6437193  ,181688 ,28775 ,153913 ,186 ,1742 ,8047 ,18800 ,35181 ,100771 ,17961 
5,MA,2007 ,6449755  ,181058 ,27832 ,154246 ,184 ,1634 ,7006 ,19008 ,35662 ,103592 ,14992 
3,MA,2008 ,6543595  ,185971 ,29888 ,156083 ,167 ,1744 ,7071 ,20906 ,36260 ,107048 ,12775 
3,MA,2009 ,6593587  ,183681.00,30503 ,153178 ,173.00,1734 ,7467 ,21129 ,34515 ,106799 ,11864 
3,MA,2010.00,6555466.00,185233.00,30737.00,154496.00,214.00,1784.00,6897.00,21842.00,37903,105124.00,11469.00
3,MA,2011.00,6607003.00,177061.00,28232.00,148829.00,184.00,1654.00,6768.00,19626.00,36403,101644.00,10782.00
2,MA,2012.00,6645303.00,170372.00,27047.00,143325.00,121.00,1650.00,6555.00,18721.00,34635,99453.00,9237.00
2,MA,2013.00,6708874.00,164538.00,27264.00,137274.00,138.00,1722.00,6705.00,18118.00,30716,97437.00,9121.00
2,MA,2014.00,6755124.00,152170.00,26689.00,125481.00,133.00,1625.00,6077.00,18277.00,24951,92226.00,8304.00
2,MA,2015.00,6784240.00,141000.00,26453.00,114547.00,131.00,1538.00,5266.00,18974.00,21826,84676.00,8045.00
1,MA,2016.00,6811779.00,132016.00,25677.00,106339.00,134.00,1592.00,5365.00,18050.00,19193,79088.00,8058.00
1,MA,2017.00,6863246.00,122295.00,24318.00,97977.00,172.00,2199.00,4874.00,17073.00,16916,73573.00,7488.00
1,MA,2018.00,6882635.00,111082.00,23424.00,87658.00,138.00,2465.00,4084.00,16737.00,14095,66968.00,6595.00
1,MA,2019.00,6892503.00,103895.00,22578.00,81317.00,152.00,2204.00,3613.00,16609.00,12341,62844.00,6132.00
5,MD,2000 ,5296486 ,255085 ,41663 ,213422 ,430 ,1543.00,13560 ,26130 ,39426 ,145423 ,28573.00
5,MD,2001 ,5386079 ,261600 ,42088 ,219512 ,446 ,1449 ,13525 ,26668 ,41553 ,145934 ,32025 
5,MD,2002 ,5450525 ,259120 ,42015 ,217105 ,513 ,1370 ,13417 ,26715 ,39765 ,143320 ,34020.00
5,MD,2003 ,5512310 ,248196 ,38778 ,209418 ,525 ,1358 ,13302 ,23593 ,38641 ,134372 ,36405 
5,MD,2004 ,5561332 ,241258 ,38961 ,202474 ,521 ,1317 ,12772.00,24351 ,36704 ,129888 ,35882 
5,MD,2005 ,5589599 ,237852 ,39369 ,198483 ,522 ,1266.00,14378 ,23173 ,35922 ,128491 ,34070.00
5,MD,2006 ,5615727 ,233586 ,38110 ,195476 ,546.00,1178.00,14375 ,22011 ,37457,127497 ,30522.00
5,MD,2007 ,5618344 ,228858 ,36062 ,192796 ,553.00,1179.00,13258 ,21072 ,37095,127308 ,28393.00
5,MD,2008 ,5658655 ,233464 ,35385 ,198079 ,493.00,1127.00,13201 ,20564 ,38828,133922 ,25329.00
5,MD,2009 ,5699478 ,215920.00,33625 ,182295.00,440.00,1156.00,12007 ,20022 ,36905,125771 ,19619.00
5,MD,2010.00,5785681.00,204916.00,31607.00,173309.00,426.00,1228.00,11054.00,18999.00,36704,118578.00,18027.00
5,MD,2011.00,5839572.00,195663.00,28817.00,166846.00,399.00,1200.00,10342.00,16876.00,35823,114951.00,16072.00
5,MD,2012.00,5884868.00,190395.00,28086.00,162309.00,373.00,1237.00,10173.00,16303.00,33803,113550.00,14956.00
4,MD,2013.00,5938737.00,186153.00,28235.00,157918.00,384.00,1179.00,10048.00,16124.00,31950,112551.00,13417.00
2,MD,2014.00,5975346.00,177157.00,26767.00,150390.00,362.00,1144.00,9565.00,15208.00,28134,109140.00,13116.00
2,MD,2015.00,5994983.00,170732.00,28185.00,142547.00,538.00,1209.00,10111.00,15819.00,26432,102701.00,13414.00
2,MD,2016.00,6016447.00,165845.00,28400.00,137445.00,481.00,1266.00,10289.00,15874.00,24692,100919.00,11834.00
2,MD,2017.00,6024891.00,165026.00,30321.00,134705.00,558.00,1712.00,11189.00,16862.00,23526,97657.00,13522.00
2,MD,2018.00,6035802.00,151275.00,28330.00,122945.00,491.00,1991.00,9716.00,16132.00,18910,91887.00,12148.00
2,MD,2019.00,6045680.00,145357.00,27456.00,117901.00,542.00,1913.00,9203.00,15798.00,16862,89780.00,11259.00
2,ME,2000 ,1274923 ,33400 ,1397 ,32003 ,15 ,320 ,247 ,815 ,6775 ,23906 ,1322 
2,ME,2001 ,1284470 ,34589 ,1435 ,33154 ,19 ,326 ,264 ,826 ,6898 ,24585 ,1671.00
2,ME,2002 ,1294894 ,34381 ,1396 ,32985 ,14 ,377 ,270 ,735 ,6965 ,24591 ,1429 
2,ME,2003 ,1309205 ,33500 ,1422 ,32078 ,16 ,354.00,289 ,763 ,6579 ,24043 ,1456 
2,ME,2004 ,1314966 ,33104 ,1364 ,31740 ,18 ,315 ,289.00,742 ,6341 ,24096 ,1303 
2,ME,2005 ,1318220.00,33362 ,1483 ,31889 ,19 ,326 ,323 ,815 ,6323 ,24218 ,1348 
2,ME,2006 ,1321574.00,34802 ,1526 ,33286 ,23 ,339 ,384 ,780 ,6779 ,25167 ,1340 
2,ME,2007 ,1317207.00,33446 ,1554 ,31992 ,21 ,391 ,349 ,793 ,6676 ,24057 ,1259 
2,ME,2008 ,1319691.00,34005 ,1572.00,32433 ,31 ,379 ,333 ,829 ,6559 ,24695 ,1179 
2,ME,2009 ,1318301.00,33286 ,1580 ,31706 ,26 ,375.00,399 ,780 ,6729 ,23955 ,1022 
2,ME,2010.00,1327379.00,34521.00,1621.00,32900.00,24.00,389.00,412.00,796.00,7364,24547.00,989.00
2,ME,2011.00,1328544.00,35467.00,1638.00,33829.00,26.00,394.00,370.00,848.00,7865,24886.00,1078.00
2,ME,2012.00,1328501.00,35024.00,1626.00,33398.00,26.00,372.00,420.00,808.00,7476,24931.00,991.00
2,ME,2013.00,1328702.00,32215.00,1761.00,30454.00,24.00,366.00,335.00,907.00,6480,23063.00,911.00
2,ME,2014.00,1330256.00,28125.00,1698.00,26427.00,21.00,346.00,304.00,889.00,5035,20591.00,801.00
2,ME,2015.00,1329453.00,26087.00,1726.00,24361.00,23.00,337.00,311.00,931.00,4694,18853.00,814.00
1,ME,2016.00,1331479.00,23560.00,1648.00,21912.00,20.00,300.00,266.00,950.00,4003,17134.00,775.00
1,ME,2017.00,1335063.00,21752.00,1610.00,20142.00,23.00,470.00,249.00,868.00,3337,16012.00,793.00
1,ME,2018.00,1339057.00,19701.00,1500.00,18201.00,23.00,447.00,228.00,802.00,2712,14712.00,777.00
1,ME,2019.00,1344212.00,18291.00,1548.00,16743.00,20.00,516.00,188.00,824.00,2350,13667.00,726.00
5,MI,2000 ,9938444 ,408456 ,55159 ,353297 ,669 ,5025 ,13712 ,35753 ,69790,227783 ,55724 
5,MI,2001 ,10006266 ,407777 ,55424 ,352353 ,672.00,5264 ,12937.00,36551 ,72038 ,226708 ,53607.00
5,MI,2002 ,10043221 ,389366 ,54306 ,335060 ,678 ,5364 ,11847 ,36417 ,70970 ,214367 ,49723 
5,MI,2003 ,10082364 ,382 115,51550 ,330565 ,612 ,5470 ,11254 ,34214 ,68316 ,208538 ,53711 
5,MI,2004 ,10104206 ,359542.00,49737 ,309805 ,643 ,5482 ,11336 ,32276 ,64233 ,194988 ,50584 
5,MI,2005 ,10100833 ,368728 ,55936 ,312892 ,629 ,5199 ,13348 ,36760 ,70527,194090 ,48275 
5,MI,2006 ,10095643 ,380029 ,56778 ,324351 ,713 ,5269 ,14208 ,36588 ,76107,198227 ,50017 
5,MI,2007 ,10071822 ,362763 ,53988 ,308775.00,676 ,4579 ,13414 ,35319 ,75428,191196 ,42151 
2,MI,2008 ,10002486 ,346053 ,51384 ,294669.00,554 ,4486 ,13234 ,33110 ,74686,184268 ,35715 
2,MI,2009 ,9969727 ,333844.00,49825 ,284019.00,623.00,4524 ,12427 ,32251 ,76046,178628 ,29345 
2,MI,2010.00,9877143.00,320194.00,48693.00,271501.00,580.00,4733.00,11522.00,31858.00,74345,169748.00,27408.00
2,MI,2011.00,9876801.00,295060.00,43731.00,251329.00,617.00,4344.00,10263.00,28507.00,69755,156666.00,24908.00
2,MI,2012.00,9882519.00,294211.00,44962.00,249249.00,701.00,4635.00,10423.00,29203.00,65560,158609.00,25080.00
2,MI,2013.00,9898193.00,274892.00,44757.00,230135.00,625.00,4506.00,10093.00,27254.00,56256,149794.00,24085.00
2,MI,2014.00,9916306.00,245247.00,42555.00,202692.00,544.00,4500.00,8037.00,27610.00,44328,137142.00,21222.00
2,MI,2015.00,9917715.00,232903.00,41712.00,191191.00,585.00,4782.00,7818.00,26599.00,40375,132019.00,18797.00
2,MI,2016.00,9928300.00,235192.00,45572.00,189620.00,598.00,5114.00,7120.00,30729.00,39568,129876.00,20176.00
1,MI,2017.00,9976447.00,224722.00,44883.00,179839.00,569.00,7110.00,6508.00,30696.00,35833,124410.00,19596.00
1,MI,2018.00,9984072.00,211362.00,45176.00,166186.00,555.00,7901.00,5638.00,31082.00,31834,116876.00,17476.00
1,MI,2019.00,9986857.00,201982.00,43686.00,158296.00,556.00,7235.00,5350.00,30545.00,28572,111980.00,17744.00
5,MN,*2000,4919479 ,171611 ,13813 ,157798 ,151 ,2240 ,3713.00,7709 ,26116 ,118250 ,13432 
5,MN,2001 ,4984535 ,178191 ,13145 ,165046 ,119.00,2236 ,3758 ,7032 ,25496 ,124519 ,15031 
5,MN,2002 ,5024791 ,177454 ,13428 ,164026 ,112 ,2273 ,3937 ,7106 ,28034 ,122150 ,13842 
5,MN,2003 ,5064172 ,170979 ,13316 ,157663 ,127 ,2092 ,3906 ,7191 ,27698 ,116216 ,13749 
5,MN,2004 ,5096546.00,168770 ,13751 ,155019.00,113 ,2123 ,4070 ,7445 ,28048 ,113453.00,13518 
5,MN,2005.00,5126739 ,173544 ,15243 ,158301 ,115 ,2258 ,4724.00,8146 ,29711 ,114304 ,14281 
5,MN,2006.00,5167101  ,175534.00,16425 ,159119 ,125 ,1947 ,5433.00,8920 ,30173 ,115567 ,13379 
5,MN,2007.00,5197621  ,172832 ,15003 ,157829 ,116 ,1873 ,4770.00,8244 ,29670 ,115633 ,12526 
5,MN,2008.00,5230567  ,162976 ,13771 ,149205 ,109 ,1805 ,4179.00,7678 ,26483 ,112579 ,10143 
5,MN,2009.00,5266214  ,152160 ,12874 ,139286 ,74 ,1789 ,3619.00,7392 ,25580 ,105160 ,8546 
5,MN,2010.00,5310658.00,148946.00,12515.00,136431.00,96.00,1798.00,3388.00,7233.00,24415,103429.00,8587.00
5,MN,2011.00,5347299.00,148506.00,12323.00,136183.00,75.00,2113.00,3385.00,6750.00,25681,102354.00,8148.00
5,MN,2012.00,5379646.00,150571.00,12419.00,138152.00,99.00,1638.00,3475.00,7207.00,25378,104316.00,8458.00
5,MN,2013.00,5420380.00,143295.00,12100.00,131195.00,114.00,1403.00,3674.00,6909.00,22713,100516.00,7966.00
2,MN,2014.00,5457125.00,137882.00,12505.00,125377.00,88.00,1448.00,3687.00,6729.00,20773,96237.00,8367.00
2,MN,2015.00,5482435.00,135303.00,13319.00,121984.00,133.00,1679.00,3771.00,7094.00,19299,94704.00,7981.00
2,MN,2016.00,5519952.00,131150.00,13394.00,117756.00,101.00,1731.00,3728.00,7217.00,18606,90422.00,8728.00
2,MN,2017.00,5568155.00,135775.00,13345.00,122430.00,114.00,2405.00,3627.00,7199.00,18828,93602.00,10000.00
2,MN,2018.00,5606249.00,124589.00,12403.00,112186.00,107.00,2475.00,2946.00,6875.00,16206,85849.00,10131.00
1,MN,2019.00,5639632.00,130568.00,13332.00,117236.00,117.00,2448.00,3149.00,7618.00,15927,90092.00,11217.00
5,MO,2000 ,5595211.00,253338 ,27419 ,225919 ,347 ,1351 ,7598 ,18123 ,41685 ,159539 ,24695 
5,MO,2001 ,5637309 ,268883 ,30472 ,238411 ,372 ,1383 ,7771.00,20946 ,42977 ,167420 ,28014 
5,MO,2002 ,5669544 ,261077.00,30557 ,230520 ,331.00,1465 ,7024 ,21737 ,42721 ,159921 ,27878 
5,MO,2003 ,5719204 ,261631 ,28067 ,233564 ,289 ,1400 ,6686 ,19692 ,41997 ,161616 ,29951 
3,MO,2004 ,5759532 ,252855 ,28226 ,224629 ,354 ,1479 ,6630 ,19763 ,40472 ,158264 ,25893 
3,MO,2005 ,5797703.00,252286 ,30477 ,227809 ,402 ,1625 ,7196 ,21254 ,42822 ,159288 ,25699 
3,MO,2006 ,5842713.00,254450 ,31880 ,223570 ,368.00,1764.00,7587 ,22161 ,44647,153490 ,25433 
3,MO,2007 ,5878415.00,249441 ,29682 ,219759 ,385.00,1714.00,7165 ,20418 ,43446,152529 ,23784 
3,MO,2008 ,5956335.00,246286.00,29711 ,216575 ,456.00,1614.00,7396 ,20245 ,45772,150041 ,20762 
3,MO,2009 ,5987580.00,231296.00,29513 ,201783.00,387.00,1606.00,7437 ,20083 ,43591,140764 ,17428 
3,MO,2010.00,5995715.00,228298.00,27440.00,200858.00,420.00,1445.00,6185.00,19390.00,44197,140526.00,16135.00
3,MO,2011.00,6008984.00,225973.00,26888.00,199085.00,366.00,1469.00,6275.00,18778.00,44875,138879.00,15331.00
3,MO,2012.00,6024522.00,227002.00,27189.00,199813.00,390.00,1527.00,5782.00,19490.00,42510,140971.00,16332.00
3,MO,2013.00,6044917.00,215871.00,26216.00,189655.00,369.00,1679.00,5486.00,18056.00,38797,134514.00,16344.00
3,MO,2014.00,6063827.00,203318.00,26882.00,176436.00,404.00,1728.00,5592.00,18483.00,35293,124769.00,16374.00
3,MO,2015.00,6076204.00,204080.00,30292.00,173788.00,503.00,1858.00,6383.00,20833.00,34029,122749.00,17010.00
3,MO,2016.00,6093000.00,202193.00,31644.00,170549.00,537.00,1884.00,6570.00,21983.00,31710,120544.00,18295.00
3,MO,2017.00,6108612.00,205830.00,32450.00,173380.00,599.00,2737.00,6362.00,22752.00,30086,123356.00,19938.00
2,MO,2018.00,6121623.00,193394.00,30696.00,162698.00,599.00,2935.00,5206.00,21956.00,27345,115506.00,19847.00
2,MO,2019.00,6137428.00,192326.00,30380.00,161946.00,568.00,2917.00,4959.00,21936.00,26414,114460.00,21072.00
5,MS,2000 ,2844658 ,113911 ,10267 ,103644 ,255 ,1019 ,2703 ,6290.00,26918 ,69758 ,6968 
5,MS,2001 ,2859733 ,119615 ,10006 ,109609 ,282 ,1147 ,3294 ,5283 ,29821 ,70315.00,9473 
5,MS,2002 ,2866733 ,119442 ,9858 ,109584 ,264 ,1127 ,3356 ,5111 ,29593 ,70468 ,9523.00
5,MS,2003 ,2882594 ,116203 ,9336 ,106867 ,267 ,1079 ,3016 ,4974 ,29564 ,68307 ,8996 
5,MS,2004.00,2900768 ,109548 ,8568 ,100980 ,227 ,1161 ,2503 ,4677 ,27661 ,65404 ,7879.00
5,MS,2005 ,2908496.00,103362 ,8131 ,95231 ,214 ,1147 ,2405 ,4365.00,26866 ,60873 ,7492 
5,MS,2006 ,2910540.00,102089 ,8696.00,93393 ,223 ,1000 ,3118 ,4350.00,27239 ,57807 ,8347 
5,MS,2007 ,2918785.00,101926 ,8502.00,93424 ,208 ,1040 ,2866 ,4388.00,27959 ,58084 ,7381 
5,MS,2008 ,2940212.00,95397 ,8952.00,86445 ,234 ,927 ,3092 ,4699.00,25810 ,54282 ,6353 
5,MS,2009 ,2951996.00,95778.00,8451.00,87327 ,194 ,991.00,2969 ,4297.00,29559 ,52329 ,5439 
5,MS,2010.00,2970072.00,96595.00,7999.00,88596.00,204.00,931.00,2777.00,4087.00,30453,52784.00,5360.00
5,MS,2011.00,2977457.00,97818.00,8009.00,89809.00,232.00,863.00,2496.00,4418.00,30722,54179.00,4908.00
5,MS,2012.00,2986450.00,91702.00,7769.00,83933.00,213.00,819.00,2277.00,4460.00,28084,51520.00,4329.00
5,MS,2013.00,2992206.00,89851.00,8303.00,81548.00,217.00,726.00,2413.00,4649.00,24969,52192.00,4387.00
4,MS,2014.00,2993443.00,95218.00,8331.00,86887.00,259.00,768.00,2405.00,4585.00,23898,58515.00,4474.00
4,MS,2015.00,2989390.00,93975.00,8190.00,85785.00,253.00,851.00,2312.00,4467.00,25068,56446.00,4271.00
4,MS,2016.00,2988726.00,91115.00,8383.00,82732.00,238.00,905.00,2397.00,4471.00,23354,55054.00,4324.00
4,MS,2017.00,2989663.00,90425.00,7661.00,82764.00,190.00,658.00,2492.00,4321.00,22449,55968.00,4347.00
4,MS,2018.00,2981020.00,79630.00,7929.00,71701.00,214.00,596.00,1700.00,5419.00,20355,46201.00,5145.00
4,MS,2019.00,2976149.00,78979.00,8272.00,70707.00,332.00,747.00,1700.00,5493.00,18660,46300.00,5747.00
5,MT,*2000 ,902195 ,31878 ,2171 ,29707 ,16 ,301 ,249.00,1605.00,3946 ,23805.00,1956.00
5,MT,2001 ,905382 ,33362 ,3187.00,30175 ,34 ,188.00,230 ,2735 ,3670 ,24684.00,1821 
5,MT,2002 ,910372 ,31948 ,3197 ,28751 ,16 ,237 ,283 ,2661 ,3289 ,23679 ,1783.00
5,MT,2003 ,918157 ,31779 ,3351 ,28428 ,30 ,246 ,298 ,2777 ,3722 ,22800 ,1906 
4,MT,2004 ,926920 ,29938 ,2723 ,27215 ,30 ,273 ,233.00,2187.00,3515,22082 ,1618 
4,MT,2005.00,934737 ,32041 ,2634 ,29407 ,18 ,301 ,177.00,2138.00,3642 ,23794.00,1917.00
4,MT,2006.00,944632 ,27784 ,2397 ,25387 ,17 ,269 ,164.00,1914.00,2935 ,20704.00,1748.00
4,MT,2007.00,957861 ,28243 ,2754 ,26489 ,14 ,290 ,191.00,2259.00,3027 ,21707.00,1755.00
4,MT,2008.00,968035 ,29241 ,2918 ,26323 ,33 ,346 ,203.00,2336.00,3654,20898.00,1771.00
4,MT,2009.00,974989 ,27624 ,2798 ,24826 ,32 ,357 ,228.00,2181.00,3686,19528.00,1612.00
4,MT,2010.00,990958.00,28142.00,2733.00,25409.00,25.00,332.00,154.00,2222.00,3692,20166.00,1551.00
4,MT,2011.00,997677.00,26640.00,2755.00,23885.00,29.00,366.00,171.00,2189.00,3347,19089.00,1449.00
4,MT,2012.00,1005494.00,28905.00,2803.00,26102.00,29.00,392.00,202.00,2180.00,3920,20484.00,1698.00
4,MT,2013.00,1014864.00,29119.00,2924.00,26195.00,23.00,382.00,217.00,2217.00,4122,20192.00,1881.00
4,MT,2014.00,1023252.00,28886.00,3361.00,25525.00,38.00,396.00,202.00,2563.00,3639,19826.00,2060.00
4,MT,2015.00,1032073.00,30923.00,3647.00,27276.00,38.00,405.00,210.00,2827.00,3887,20966.00,2423.00
4,MT,2016.00,1042520.00,31816.00,3840.00,27976.00,36.00,414.00,266.00,2960.00,3934,21299.00,2743.00
4,MT,2017.00,1053090.00,31231.00,3937.00,27294.00,41.00,639.00,234.00,3023.00,3623,21073.00,2598.00
4,MT,2018.00,1060665.00,30827.00,4040.00,26787.00,37.00,569.00,270.00,3164.00,3329,20641.00,2817.00
4,MT,2019.00,1068778.00,27768.00,4328.00,23440.00,27.00,624.00,205.00,3472.00,2887,18176.00,2377.00
5,NC,2000 ,8049313 ,395972 ,40051 ,355921 ,560 ,2181 ,12595 ,24715 ,97888 ,232767 ,25266.00
5,NC,2001 ,8206105 ,404242.00,40465 ,363777.00,505 ,2083 ,13304 ,24573 ,101889 ,237241 ,24647.00
5,NC,2002 ,8305820 ,392826 ,39118 ,353708 ,548 ,2196 ,12205 ,24169 ,99535 ,229307 ,24866 
5,NC,2003 ,8421190 ,397903 ,38243 ,359660 ,506 ,2139 ,12229 ,23369 ,100687 ,232081 ,26892 
5,NC,2004 ,8540468 ,393572 ,38244 ,355328 ,532 ,2339 ,11782 ,23591 ,101193 ,227147 ,26988.00
5,NC,2005 ,8672459.00,394505 ,40650 ,353855 ,585 ,2302 ,12635 ,25128 ,104298 ,221091 ,28466.00
5,NC,2006 ,8856505.00,407084 ,42124 ,364960 ,540 ,2495 ,13484 ,25605 ,107407 ,227427 ,30126.00
5,NC,2007 ,9061032.00,412616 ,42262 ,370354 ,585 ,2385 ,13548 ,25744 ,108800 ,233588 ,27966.00
5,NC,2008 ,9247134.00,415810 ,43120 ,372690 ,605.00,2290 ,14321 ,25904 ,111541 ,234425 ,26724.00
5,NC,2009.00,9380884.00,381653.00,37946 ,343707.00,489 ,2306 ,11825 ,23326 ,107830 ,215923 ,19954.00
5,NC,2010.00,9560234.00,363881.00,34679.00,329202.00,474.00,2002.00,9620.00,22554.00,102826,208057.00,18319.00
5,NC,2011.00,9.65,371227.00,33421.00,337806.00,498.00,1959.00,9448.00,21516.00,105534,215453.00,16819.00
5,NC,2012.00,9748364.00,363058.00,34464.00,328594.00,479.00,1984.00,9392.00,22609.00,99323,213151.00,16120.00
5,NC,2013.00,9848917.00,339218.00,33587.00,305631.00,463.00,1790.00,9275.00,21325.00,90182,201043.00,14406.00
5,NC,2014.00,9940387.00,318216.00,32718.00,285498.00,498.00,1738.00,8411.00,21377.00,79266,192609.00,13623.00
5,NC,2015.00,10035186.00,310649.00,34734.00,275915.00,517.00,1886.00,8821.00,22805.00,74760,187732.00,13423.00
5,NC,2016.00,10146788.00,315534.00,37769.00,277765.00,678.00,2086.00,9336.00,24906.00,72082,190377.00,15306.00
5,NC,2017.00,10270800.00,303526.00,38043.00,265483.00,622.00,1944.00,9884.00,25593.00,65247,184119.00,16117.00
5,NC,2018.00,10381615.00,280303.00,36980.00,243323.00,574.00,2633.00,7573.00,26200.00,57450,169376.00,16497.00
5,NC,2019.00,10488084.00,286231.00,38995.00,247236.00,632.00,3247.00,7599.00,27517.00,54447,174728.00,18061.00
5,ND,2000 ,642200 ,14694 ,523 ,14171 ,4.00,169 ,56 ,294 ,2093 ,11092 ,986 
5,ND,2001 ,636550 ,15339 ,505 ,14834 ,7.00,164 ,60 ,274 ,2165,11583 ,1086 
5,ND,2002 ,633911 ,15258 ,496.00,14762 ,5 ,163 ,58 ,270 ,2243 ,11501 ,1018 
5,ND,2003 ,633400 ,13872 ,508 ,13364 ,9 ,160 ,53 ,286 ,1959 ,10327 ,1078 
5,ND,2004 ,636308 ,13051 ,558 ,12493 ,8.00,177.00,43 ,330 ,2040 ,9516 ,937 
5,ND,2005 ,634605 ,13544 ,706 ,12848 ,12.00,180 ,54 ,460 ,2043 ,9732 ,1073 
5,ND,2006 ,635867 ,13522 ,813 ,12719 ,8.00,193 ,72 ,540 ,2393 ,9314 ,1012 
5,ND,2007 ,639715 ,12999 ,911 ,12088 ,12.00,207 ,70 ,622 ,2164 ,9010 ,914 
5,ND,2008 ,641421 ,14150 ,1216 ,12934 ,5.00,286 ,73 ,852 ,2304,9728 ,902 
5,ND,2009.00,646844 ,14536.00,1723 ,12813.00,12 ,296 ,107 ,1308 ,2426,9474 ,913 
5,ND,2010.00,674629.00,13558.00,1548.00,12010.00,10.00,245.00,90.00,1203.00,2000,9137.00,873.00
5,ND,2011.00,684740.00,15033.00,1699.00,13334.00,24.00,266.00,91.00,1318.00,2458,9891.00,985.00
5,ND,2012.00,701345.00,16020.00,1723.00,14297.00,25.00,279.00,127.00,1292.00,2429,10687.00,1181.00
5,ND,2013.00,723857.00,17335.00,1979.00,15356.00,16.00,288.00,161.00,1447.00,2979,10942.00,1435.00
5,ND,2014.00,740040.00,17858.00,2001.00,15857.00,23.00,275.00,175.00,1421.00,2751,11559.00,1547.00
5,ND,2015.00,756835.00,19665.00,1949.00,17716.00,21.00,285.00,159.00,1378.00,3296,12686.00,1734.00
4,ND,2016.00,757952.00,19305.00,1903.00,17402.00,15.00,256.00,181.00,1365.00,3243,12195.00,1964.00
4,ND,2017.00,755176.00,18786.00,2133.00,16653.00,10.00,406.00,183.00,1534.00,2947,11944.00,1762.00
4,ND,2018.00,758080.00,17775.00,2154.00,15621.00,18.00,409.00,158.00,1569.00,2742,11088.00,1791.00
4,ND,2019.00,762062.00,17235.00,2169.00,15066.00,24.00,437.00,179.00,1529.00,2608,10666.00,1792.00
5,NE,2000 ,1711263 ,70085 ,5606 ,64479 ,63 ,436 ,1147 ,3960 ,10131 ,49118 ,5230 
5,NE,2001 ,1720039 ,74177 ,5214 ,68963 ,43 ,431 ,1128 ,3612 ,9760 ,52713 ,6490 
5,NE,2002 ,1727564 ,73606 ,5428 ,68178 ,48 ,464 ,1359 ,3557 ,10329 ,51440 ,6409 
5,NE,2003.00,1737475 ,70294 ,5105 ,65189 ,56 ,504 ,1165 ,3380 ,10133 ,48924 ,6132 
5,NE,2004 ,1747704 ,66905 ,5393 ,61512 ,40 ,620 ,1138 ,3595 ,9826 ,46399 ,5287 
5,NE,2005 ,1758163 ,65400 ,5052 ,60348 ,44.00,581.00,1040 ,3387.00,9408 ,45359 ,5581 
5,NE,2006 ,1768331 ,64123 ,5048 ,59075 ,50.00,548.00,1129 ,3256 ,9452 ,44585 ,5038 
5,NE,2007 ,1774571 ,59469 ,5367 ,56102 ,68.00,527.00,1108 ,3664 ,9046 ,41855 ,5201 
5,NE,2008 ,1781949 ,56870 ,5537 ,51333 ,69.00,600.00,1297 ,3571 ,8717 ,38393 ,4223 
5,NE,2009 ,1796619 ,54930 ,5199 ,49731 ,41 ,617.00,1220 ,3321 ,8726 ,37496 ,3509 
5,NE,2010.00,1830141.00,53920.00,5093.00,48827.00,54.00,674.00,1020.00,3345.00,8318,36896.00,3613.00
5,NE,2011.00,1842234.00,55566.00,4672.00,50894.00,68.00,699.00, 993,2912.00,8725,38060.00,4109.00
5,NE,2012.00,1855350.00,56005.00,4802.00,51203.00,52.00,710.00,1128.00,2912.00,8745,38301.00,4157.00
5,NE,2013.00,1868969.00,54146.00,4949.00,49197.00,56.00,621.00,1035.00,3011.00,8945,35791.00,4461.00
5,NE,2014.00,1882980.00,52727.00,5201.00,47526.00,53.00,645.00,1044.00,3226.00,7936,35063.00,4527.00
5,NE,2015.00,1893765.00,47764.00,5167.00,42597.00,62.00,648.00,994.00,3226.00,6443,32148.00,4006.00
5,NE,2016.00,1907116.00,48713.00,5550.00,43163.00,49.00,738.00,946.00,3561.00,6444,31994.00,4725.00
5,NE,2017.00,1917575.00,49835.00,5979.00,43856.00,42.00,1191.00,1020.00,3726.00,6513,32064.00,5279.00
5,NE,2018.00,1925614.00,45776.00,5583.00,40193.00,44.00,1290.00,736.00,3513.00,5308,29987.00,4898.00
5,NE,2019.00,1934408.00,45270.00,5821.00,39449.00,45.00,1253.00,792.00,3731.00,4745,29719.00,4985.00
5,NH,2000 ,1235786 ,30068 ,2167 ,27901 ,22 ,522 ,453.00,1170 ,4992 ,20761 ,2148 
5,NH,2001 ,1259359 ,29233 ,2144 ,27089 ,17.00,458.00,445 ,1224 ,4889 ,20060.00,2140 
5,NH,2002 ,1274405 ,28306 ,2056 ,26250 ,12 ,446 ,413 ,1185 ,4838,19468 ,1944 
5,NH,2003 ,1288705 ,28393 ,1937 ,26456 ,17 ,438 ,480 ,1002 ,4589 ,19934 ,1933 
5,NH,2004 ,1299169 ,28860 ,2202 ,26658 ,17 ,466 ,500.00,1219 ,4979 ,19723.00,1956 
5,NH,2005 ,1306819 ,25792 ,1761 ,24031 ,19 ,406.00,365.00,971 ,4192 ,18493 ,1346.00
5,NH,2006 ,1314895 ,25466 ,1824 ,24642.00,13.00,344 ,423.00,1044.00,4358 ,18862 ,1422.00
5,NH,2007 ,1315828 ,26703 ,1807 ,24896.00,15.00,333 ,432.00,1027.00,4986 ,18611 ,1299.00
5,NH,2008 ,1321872 ,30181 ,2127 ,28054.00,14.00,400 ,424.00,1289.00,4332 ,22316 ,1406.00
5,NH,2009 ,1324575 ,30915 ,2125 ,28790.00,11.00,399 ,454.00,1261.00,4915 ,22748 ,1127.00
5,NH,2012.00,1321617.00,34915.00,2841.00,32074.00,15.00,486.00,471.00,1869.00,5988,25024.00,1062.00
4,NH,2013.00,1322616.00,32230.00,2952.00,29278.00,21.00,522.00,647.00,1506.00,4979,23355.00,944.00
4,NH,2014.00,1327996.00,28723.00,2625.00,26098.00,16.00,438.00,544.00,1469.00,4191,21051.00,856.00
4,NH,2015.00,1330111.00,26145.00,2692.00,23453.00,15.00,468.00,475.00,1558.00,3482,19076.00,895.00
4,NH,2016.00,1334795.00,22831.00,2637.00,20194.00,17.00,423.00,427.00,1611.00,2963,16360.00,871.00
4,NH,2017.00,1349767.00,21192.00,2642.00,18550.00,13.00,619.00,441.00,1569.00,2554,15087.00,909.00
2,NH,2018.00,1353465.00,19605.00,2404.00,17201.00,21.00,578.00,342.00,1463.00,1908,14396.00,897.00
2,NH,2019.00,1359711.00,18516.00,2074.00,16442.00,33.00,590.00,313.00,1138.00,1717,13832.00,893.00
5,NJ,2000 ,8414350 ,265935 ,32298 ,233637 ,289 ,1357 ,13553 ,17099 ,43924,155562 ,34151 
5,NJ,2001 ,8511116 ,273645 ,33094 ,240551 ,336 ,1278.00,14110 ,17379 ,46812 ,156031 ,37708 
5,NJ,2002 ,8575252 ,259967 ,32252 ,227715 ,339 ,1365 ,13955 ,16593 ,43899 ,148061 ,35755 
5,NJ,2003 ,8642412 ,251838 ,31488 ,220350 ,406 ,1288 ,13342 ,16452 ,43457 ,142287 ,34606 
5,NJ,2004.00,8685166 ,242256 ,30943 ,211313.00,392 ,1331 ,13076 ,16144 ,41030,139977 ,30306 
5,NJ,2005 ,8703150 ,234310 ,30919 ,203391 ,417 ,1208 ,16079 ,16073 ,38980,136728 ,27683 
5,NJ,2006 ,8724560 ,230630 ,30672 ,199958 ,428 ,1237 ,13357 ,15650 ,39433,135801 ,24724 
5,NJ,2007 ,8685920 ,220827 ,28601 ,192226 ,380 ,1050 ,12549 ,14622 ,37482,132791 ,21953 
5,NJ,2008 ,8663398 ,227478 ,28351 ,199127 ,376 ,1122 ,12701 ,14152 ,40402,138545 ,20180 
5,NJ,2009 ,8707739 ,207865 ,27113 ,180752 ,319 ,1041 ,11639 ,14114.00,36945,128303 ,15504 
4,NJ,2010.00,8799593.00,210097.00,27055.00,183042.00,371.00,981.00,11818.00,13885.00,38732,128754.00,15556.00
4,NJ,2011.00,8834773.00,216922.00,27203.00,189719.00,380.00,1006.00,12209.00,13608.00,43238,129066.00,17415.00
4,NJ,2012.00,8867749.00,207208.00,25727.00,181481.00,388.00,1035.00,11385.00,12919.00,42338,122662.00,16481.00
4,NJ,2013.00,8911502.00,193382.00,25748.00,167634.00,404.00,861.00,12084.00,12071.00,35883,118005.00,13746.00
4,NJ,2014.00,8938844.00,178264.00,23319.00,154945.00,352.00,953.00,10499.00,11188.00,31707,111534.00,11704.00
4,NJ,2015.00,8935421.00,168580.00,22879.00,145701.00,363.00,1019.00,9729.00,11414.00,27960,105963.00,11778.00
4,NJ,2016.00,8944469.00,160066.00,21914.00,138152.00,372.00,1089.00,8984.00,11105.00,25284,101540.00,11328.00
4,NJ,2017.00,8888543.00,160690.00,20604.00,140086.00,324.00,1505.00,7895.00,10880.00,23891,104025.00,12170.00
2,NJ,2018.00,8886025.00,143691.00,18536.00,125155.00,285.00,1424.00,6364.00,10463.00,19232,94886.00,11037.00
2,NJ,2019.00,8882190.00,137012.00,18375.00,118637.00,262.00,1531.00,5730.00,10852.00,16399,91902.00,10336.00
5,NM,2000 ,1819046 ,100391 ,13786 ,86605 ,135 ,922 ,2499.00,10230 ,21339 ,57925 ,7341 
5,NM,2001 ,1830935 ,97383 ,14288 ,83095 ,99 ,850 ,2695 ,10644 ,19552 ,56406 ,7137 
5,NM,2002 ,1852044 ,94196 ,13719 ,80477 ,152 ,1027 ,2206 ,10334 ,19634,53406 ,7437 
5,NM,2003 ,1878562 ,89351 ,12535 ,76816 ,116 ,940 ,1937 ,9542 ,18997 ,50595 ,7224 
5,NM,2004 ,1903006 ,92976 ,13081 ,79895 ,169 ,1039 ,2062 ,9811 ,19924 ,52069.00,7902.00
5,NM,2005 ,1925985 ,92033 ,12448 ,79575 ,144 ,1041 ,1893.00,9370 ,20.939 ,50707 ,7929 
5,NM,2006 ,1954599 ,89528 ,12572 ,76956 ,132 ,1094 ,2105.00,9241 ,20909 ,46822 ,9225 
4,NM,2007 ,1969915 ,86479 ,13085 ,73394 ,162 ,1032 ,2321.00,9570 ,18992 ,45463 ,8939 
4,NM,2008 ,1986763 ,88760 ,13010 ,75750 ,150 ,1114 ,2152.00,9594 ,20720 ,47004 ,8026 
4,NM,2009 ,2009671 ,87348.00,12709 ,74639 ,198 ,1069 ,1932.00,9510 ,21955 ,46182 ,6502 
4,NM,2010.00,2065913.00,82923.00,12147.00,70776.00,140.00,959.00,1616.00,9432.00,21023,44503.00,5250.00
4,NM,2011.00,2078674.00,85453.00,11904.00,73549.00,158.00,856.00,1720.00,9170.00,21419,46730.00,5400.00
4,NM,2012.00,2083540.00,86754.00,11660.00,75094.00,116.00,957.00,1847.00,8740.00,21384,48247.00,5463.00
4,NM,2013.00,2086895.00,91948.00,12990.00,78958.00,123.00,1135.00,1832.00,9470.00,21828,51146.00,5984.00
4,NM,2014.00,2085567.00,86342.00,12465.00,73877.00,101.00,1070.00,2086.00,8797.00,18505,49082.00,6290.00
4,NM,2015.00,2080328.00,90884.00,13672.00,77212.00,117.00,1218.00,2485.00,9407.00,17084,51485.00,8643.00
4,NM,2016.00,2081015.00,96550.00,14619.00,81931.00,139.00,1117.00,2737.00,10217.00,17281,52907.00,11743.00
4,NM,2017.00,2093395.00,98165.00,16300.00,81865.00,144.00,1244.00,3732.00,11180.00,17872,52284.00,11709.00
4,NM,2018.00,2092741.00,88359.00,17637.00,70722.00,153.00,1302.00,2646.00,13536.00,16102,44592.00,10028.00
2,NM,2019.00,2096829.00,82719.00,17450.00,65269.00,181.00,1288.00,2341.00,13640.00,14610,41702.00,8957.00
4,NV,2000 ,1998257 ,85297 ,10474 ,74823 ,129 ,860 ,4543.00,4942 ,17526 ,44125 ,13172.00
4,NV,2001 ,2097722.00,89845 ,12359 ,77486 ,180 ,883 ,4932 ,6364 ,17711 ,45073 ,14702 
2,NV,2002 ,2167455 ,97752 ,13856 ,83896 ,181 ,928 ,5118 ,7629 ,18951 ,47459.00,17486 
2,NV,2003 ,2242207 ,106063 ,13813 ,96128 ,197 ,871 ,5225 ,7520 ,21958 ,53321 ,20849 
2,NV,2004 ,2332898 ,112507 ,14379.00,98215 ,172 ,954 ,4905 ,8348 ,23142 ,52438 ,22635 
2,NV,2005 ,2412301 ,117 078,14654 ,102424 ,206 ,1016 ,4702.00,8730 ,23481 ,52012 ,26931.00
2,NV,2006 ,2495529 ,120544.00,18508 ,102036 ,224 ,1079 ,7027.00,10178 ,24820 ,50255 ,26961.00
2,NV,2007 ,2565382 ,116173.00,19257 ,96916 ,192 ,1096 ,6932.00,11037 ,24840 ,49745 ,22331.00
2,NV,2008 ,2615772 ,108790.00,18917 ,89873 ,165 ,1104 ,6475.00,11173 ,24208 ,49747 ,15918.00
2,NV,2009 ,2643085 ,99615.00,18639 ,80976 ,156 ,1024 ,6028.00,11431 ,22115 ,46463 ,12398.00
2,NV,2010.00,2704283.00,92933.00,17929.00,75004.00,158.00,965.00,5298.00,11508.00,22286,42533.00,10185.00
2,NV,2011.00,2720028.00,85527.00,15452.00,70075.00,139.00,913.00,4308.00,10092.00,20342,40156.00,  9577
2,NV,2012.00,2754354.00,94273.00,16763.00,77510.00,124.00,931.00,4918.00,10790.00,22120,45372.00,10018.00
2,NV,2013.00,2791494.00,96065.00,16888.00,79177.00,163.00,1090.00,5183.00,10060.00,23047,46132.00,9998.00
2,NV,2014.00,2838281.00,92617.00,18043.00,74574.00,170.00,987.00,5954.00,10562.00,21924,42466.00,10184.00
2,NV,2015.00,2883758.00,97255.00,20118.00,77137.00,178.00,1232.00,6287.00,11965.00,22360,43426.00,11351.00
2,NV,2016.00,2940058.00,95983.00,19936.00,76047.00,224.00,1292.00,6340.00,11639.00,18850,44017.00,13180.00
2,NV,2017.00,2972405.00,94983.00,16663.00,78320.00,266.00,1896.00,4841.00,9660.00,20049,45459.00,12812.00
2,NV,2018.00,3027341.00,90713.00,16715.00,73998.00,202.00,2329.00,3862.00,10322.00,17741,44341.00,11916.00
2,NV,2019.00,3080156.00,86735.00,15210.00,71525.00,143.00,2161.00,3286.00,9620.00,15510,44755.00,11260.00
5,NY,2000 ,18976457 ,588189 ,124890 ,483078 ,952 ,3530 ,40539.00,60090 ,87946 ,340901.00,54231 
5,NY,2001 ,19084350 ,556025 ,98022 ,458003 ,960 ,3546 ,36555 ,56961 ,80400 ,329316 ,48287 
5,NY,2002.00,19134293 ,537121.00,95030 ,442091 ,909 ,3885.00,36653 ,53583 ,76700 ,318025 ,47366 
5,NY,2003 ,19212425 ,521565 ,89486 ,432079 ,934 ,3775 ,35790 ,48987 ,75453 ,311422 ,45204 
5,NY,2004 ,19280727 ,507648 ,84914 ,422734 ,889 ,3608 ,33506 ,46911 ,70696 ,311036 ,41002 
5,NY,2005 ,19315721 ,491829 ,85839 ,405990 ,874 ,3636 ,35179.00,46150.00,68034,302220.00,35736 
5,NY,2006 ,19306183 ,482270 ,83966 ,396304 ,921 ,3169 ,34489.00,45387.00,68565,295605.00,32134 
5,NY,2007 ,19297729 ,461731 ,79915 ,381816 ,801 ,2926 ,31094.00,45094.00,64857,288929.00,28030 
5,NY,2008.00,19467789 ,466131 ,77546 ,388585 ,836 ,2799 ,31789.00,42122.00,65537,297952.00,25096 
5,NY,2009.00,19541453 ,452647 ,75110 ,377537 ,781 ,2582 ,28141.00,43606.00,62769,292897.00,21871 
5,NY,2010.00,19395206.00,456202.00,76492.00,379710.00,868.00,2797.00,28630.00,44197.00,65839,293232.00,20639.00
5,NY,2011.00,19501616.00,449300.00,77463.00,371837.00,769.00,2751.00,28405.00,45538.00,65227,287361.00,19249.00
5,NY,2012.00,19576125.00,454803.00,79535.00,375268.00,683.00,2837.00,28633.00,47382.00,64389,293562.00,17317.00
5,NY,2013.00,19695680.00,436166.00,77563.00,358603.00,644.00,2575.00,27241.00,46130.00,56444,286676.00,15483.00
4,NY,2014.00,19748858.00,415085.00,75972.00,339113.00,616.00,4316.00,24036.00,45295.00,50738,272624.00,15751.00
4,NY,2015.00,19747183.00,392351.00,75126.00,317225.00,613.00,4414.00,23879.00,44493.00,44117,257837.00,15271.00
2,NY,2016.00,19745289.00,379466.00,74285.00,305181.00,630.00,4569.00,22316.00,45079.00,39821,250968.00,14392.00
2,NY,2017.00,19590719.00,364136.00,70746.00,293390.00,550.00,6297.00,20122.00,43777.00,34928,245093.00,13369.00
2,NY,2018.00,19530351.00,350055.00,68512.00,281543.00,562.00,6577.00,18191.00,43182.00,31158,237243.00,13142.00
2,NY,2019.00,19453561.00,336919.00,69764.00,267155.00,558.00,6583.00,18068.00,44555.00,27600,226851.00,12704.00
5,OH,2000 ,11353140 ,458874 ,37935 ,420939 ,418 ,4271 ,15610 ,17636 ,88636 ,293277 ,39026 
5,OH,2001 ,11389785 ,475138 ,40023 ,435115 ,452 ,4466 ,17199 ,17906 ,96910 ,295976 ,42229 
5,OH,2002 ,11408699 ,469104 ,40128 ,428976 ,526 ,4809 ,17871 ,16922 ,99164 ,287045 ,42767 
5,OH,2003 ,11437680 ,455668 ,38185 ,417483 ,526 ,4660 ,16895 ,16104 ,95083 ,281383 ,41017 
5,OH,2004 ,11450143 ,458124 ,38787 ,419337 ,517 ,4646 ,17543 ,16457 ,96954 ,283103 ,40853 
5,OH,2005 ,11470685 ,460867.00,40162 ,420705 ,590 ,4671 ,18673 ,16228 ,100183 ,27951 ,41471 
5,OH,2006 ,11478006 ,462444.00,40209 ,422235 ,539 ,4548 ,19149 ,15973 ,104426 ,280384 ,37425 
5,OH,2007 ,11466917 ,435569.00,39360 ,396209 ,516 ,4452 ,18260 ,16132 ,98508 ,263922 ,33779 
5,OH,2008 ,11528072 ,433071.00,40342 ,392729 ,551 ,4514 ,18804 ,16473 ,102616 ,261375 ,28738 
5,OH,2009 ,11542645 ,414751.00,38305 ,376446 ,527 ,4119 ,17670 ,15989 ,104009 ,249777 ,22660 
5,OH,2010.00,11537968.00,413142.00,36306.00,376836.00,479.00,3730.00,16486.00,15611.00,107125,248581.00,21130.00
5,OH,2011.00,11541007.00,415790.00,35218.00,380572.00,500.00,3679.00,15991.00,15048.00,112901,246744.00,20927.00
5,OH,2012.00,11553031.00,405262.00,34827.00,370435.00,478.00,3813.00,15396.00,15140.00,105312,245372.00,19751.00
5,OH,2013.00,11572005.00,372136.00,33722.00,338414.00,478.00,3594.00,14483.00,14370.00,91090,227799.00,19525.00
5,OH,2014.00,11596998.00,355647.00,33130.00,322517.00,464.00,3825.00,12780.00,14658.00,79466,224942.00,18109.00
5,OH,2015.00,11605090.00,338116.00,34373.00,303743.00,522.00,3990.00,12617.00,15793.00,69994,216354.00,17395.00
1,OH,2016.00,11614373.00,334234.00,34877.00,299357.00,654.00,4141.00,12523.00,16111.00,66883,212807.00,19667.00
1,OH,2017.00,11664129.00,315178.00,34621.00,280557.00,741.00,5833.00,11224.00,16823.00,57521,202320.00,20716.00
1,OH,2018.00,11676341.00,292274.00,34426.00,257848.00,596.00,5852.00,9608.00,18370.00,49456,188433.00,19959.00
1,OH,2019.00,11689100.00,274560.00,34269.00,240291.00,538.00,5731.00,8846.00,19154.00,43894,177725.00,18672.00
5,OK,2000 ,3450654 ,157302 ,17177 ,140125 ,182 ,1422 ,2615 ,12958 ,31661 ,96116 ,12348 
5,OK,2001 ,3469577 ,159405 ,17726 ,141679 ,185 ,1486 ,2746.00,13309 ,34573 ,94537 ,12569 
5,OK,2002 ,3489700 ,165715.00,17587 ,148128 ,163 ,1573 ,2966 ,12885 ,35171 ,100185 ,12772 
5,OK,2003.00,3506469 ,168966 ,17758 ,151208 ,206.00,1501 ,3224 ,12827 ,34846 ,103404 ,12958.00
5,OK,2004 ,3523546 ,167107 ,17635 ,149472 ,186 ,1557 ,3090 ,12802.00,35244 ,101271 ,12957 
5,OK,2005 ,3543442 ,161450 ,18044 ,143406 ,187 ,1481 ,3230 ,13146 ,35692 ,93814 ,13900 
5,OK,2006 ,3579212 ,146805 ,17803 ,129002 ,207 ,1488 ,3133 ,12975 ,34377,81267 ,13358 
5,OK,2007 ,3617316 ,145634 ,18072 ,127562 ,222 ,1559 ,3373 ,12918 ,34121,79982.00,13459 
5,OK,2008 ,3644025 ,145144 ,19241 ,125903 ,212 ,1465 ,3681 ,13883 ,35141,79833.00,10929 
5,OK,2009 ,3687050 ,150910 ,18560 ,132350 ,234 ,1535 ,3358 ,13433 ,38071,83813.00,10466 
5,OK,2010.00,3760184.00,147564.00,18100.00,129464.00,195.00,1469.00,3345.00,13091.00,37848,81303.00,10313.00
5,OK,2011.00,3784163.00,144929.00,17311.00,127618.00,212.00,1410.00,3288.00,12401.00,36462,80064.00,11092.00
5,OK,2012.00,3815780.00,149071.00,18102.00,130969.00,220.00,1622.00,3248.00,13012.00,36094,83131.00,11744.00
5,OK,2013.00,3853118.00,143605.00,17187.00,126418.00,198.00,1715.00,3023.00,11652.00,33512,81624.00,11282.00
5,OK,2014.00,3879610.00,133497.00,16052.00,117445.00,180.00,1361.00,3073.00,10937.00,29963,76719.00,10763.00
4,OK,2015.00,3907414.00,130801.00,16746.00,114055.00,240.00,1418.00,3018.00,11535.00,28783,74678.00,10594.00
4,OK,2016.00,3923561.00,134685.00,17648.00,117037.00,245.00,1509.00,3162.00,12202.00,29103,75779.00,12155.00
4,OK,2017.00,3932640.00,131600.00,17989.00,113611.00,243.00,2220.00,3007.00,12519.00,28749,72546.00,12316.00
4,OK,2018.00,3940235.00,133096.00,18701.00,114395.00,215.00,2431.00,2805.00,13250.00,27178,73799.00,13418.00
4,OK,2019.00,3956971.00,129673.00,17086.00,112587.00,266.00,2268.00,2369.00,12183.00,26577,72632.00,13378.00
2,OR,2000 ,3421399 ,165780 ,12000 ,153780 ,70 ,1286 ,2888 ,7756 ,25618,114230 ,13932 
2,OR,2001 ,3473441 ,175174 ,10650 ,164524 ,84 ,1174 ,2749 ,6643 ,26648 ,123034 ,14842 
2,OR,2002.00,3520355 ,171443 ,10298 ,161145 ,73 ,1238 ,2742 ,6246 ,25696 ,118925 ,16524.00
2,OR,2003 ,3564330 ,180369 ,10506 ,169863 ,68 ,1218 ,2847 ,6373 ,28562 ,122327 ,18974 
2,OR,2004.00,3591363 ,177199 ,10724 ,166475 ,90.00,1283 ,2751 ,6600.00,30072,117868 ,18535 
2,OR,2005 ,3638871.00,170643 ,10444 ,160199 ,80 ,1266 ,2478 ,6620 ,27621,113316 ,19262 
2,OR,2006 ,3700758.00,145168 ,10373 ,135895 ,86 ,1195 ,2689 ,6403 ,23879,97556 ,14460 
2,OR,2007 ,3747455.00,142920 ,10777 ,132143 ,73 ,1255 ,2862 ,6587 ,22821,94773 ,14549 
2,OR,2008 ,3782991.00,134885 ,9843 ,125042 ,85.00,1178 ,2656.00,5924 ,21053,92623 ,11366 
2,OR,2009 ,3825657.00,124748 ,9968 ,114780 ,88 ,1202.00,2499 ,6179 ,19739,85064.00, 9977
2,OR,2010.00,3838332.00,126305.00,9648.00,116657.00,96.00,1239.00,2421.00,5892.00,20035,87494.00, 9128
2,OR,2011.00,3868229.00,131512.00,9643.00,121869.00,84.00,1239.00,2237.00,6083.00,20704,92059.00, 9106
2,OR,2012.00,3899801.00,136055.00,9638.00,126417.00,91.00,1159.00,2419.00,5969.00,22051,94114.00,10252.00
2,OR,2013.00,3928068.00,134619.00,9536.00,125083.00,82.00,1000.00,2394.00,5596.00,20808,94363.00,9912.00
1,OR,2014.00,3971202.00,133436.00,10294.00,123142.00,84.00,1165.00,2270.00,6320.00,18690,94177.00,10275.00
1,OR,2015.00,4024634.00,130432.00,10680.00,119752.00,110.00,1193.00,2163.00,6757.00,18541,90514.00,10697.00
1,OR,2016.00,4093465.00,132175.00,10830.00,121345.00,113.00,1261.00,2278.00,6718.00,16866,91286.00,13193.00
1,OR,2017.00,4146592.00,134153.00,11629.00,122524.00,105.00,1992.00,2474.00,7058.00,17415,88091.00,17018.00
1,OR,2018.00,4181886.00,134547.00,12146.00,122401.00,86.00,2114.00,2515.00,7431.00,16515,89191.00,16695.00
1,OR,2019.00,4217737.00,127165.00,11995.00,115170.00,116.00,1778.00,2276.00,7825.00,14724,85261.00,15185.00
5,PA,2000 ,12281054 ,367858 ,51584 ,316274 ,602 ,3247 ,18155 ,29580 ,54080 ,225869 ,36325 
5,PA,2001 ,12303104 ,363840 ,50432 ,313408 ,651 ,3467 ,17500 ,28814 ,54345 ,223350 ,35713 
5,PA,2002 ,12328827 ,350446 ,49578 ,300868.00,624 ,3731 ,17163 ,28060 ,55610 ,212441 ,32817.00
5,PA,2003 ,12370761 ,349849 ,49210 ,300639 ,647 ,3556 ,17980 ,27027 ,53918 ,213279 ,33442 
5,PA,2004 ,12394471 ,350609.00,50998 ,299611 ,650 ,3535 ,18474 ,28339.00,54443 ,214199 ,30969 
5,PA,2005 ,12405348 ,353205 ,52761 ,300444 ,756 ,3586 ,19214 ,29205 ,56134 ,214916 ,29394 
5,PA,2006 ,12440621 ,358653 ,54665 ,303988 ,736 ,3401 ,20974 ,29554 ,57623 ,216825 ,29540 
5,PA,2007 ,12432792 ,345259 ,51782 ,293577 ,723 ,3450 ,19458 ,28151 ,56020 ,211096 ,26461 
5,PA,2008 ,12566368.00,351353 ,51050 ,300303 ,707 ,3486 ,18873 ,27984 ,58687 ,219127  ,22489 
5,PA,2009 ,12604767 ,325370 ,48188 ,277182.00,664.00,3626 ,17504 ,26394.00,54772,204588.00,17822 
5,PA,2010.00,12717722.00,322978.00,46612.00,276366.00,653.00,3472.00,16375.00,26112.00,55206,204440.00,16720.00
5,PA,2011.00,12743948.00,329631.00,46189.00,283442.00,639.00,3339.00,16165.00,26046.00,57966,208604.00,16872.00
5,PA,2012.00,12764475.00,321946.00,45384.00,276562.00,707.00,3371.00,15735.00,25571.00,57040,204409.00,15113.00
5,PA,2013.00,12781296.00,306001.00,42825.00,263176.00,611.00,2728.00,14739.00,23680.00,52000,197410.00,13766.00
5,PA,2014.00,12793767.00,287280.00,40298.00,246982.00,610.00,2785.00,13545.00,22304.00,45718,188211.00,13053.00
5,PA,2015.00,12791904.00,272289.00,40348.00,231941.00,665.00,3105.00,12965.00,22419.00,39573,180236.00,12132.00
4,PA,2016.00,12784227.00,263242.00,40447.00,222795.00,661.00,3233.00,12326.00,23027.00,35520,174228.00,13047.00
4,PA,2017.00,12790447.00,250346.00,40030.00,210316.00,742.00,4216.00,11777.00,23295.00,31925,165434.00,12957.00
2,PA,2018.00,12800922.00,229732.00,39099.00,190633.00,784.00,4490.00,9854.00,23971.00,27054,150441.00,13138.00
2,PA,2019.00,12801989.00,218893.00,39228.00,179665.00,669.00,4351.00,9743.00,24465.00,23354,143921.00,12390.00
5,RI,2000 ,1048319 ,36444 ,3121 ,33323 ,45 ,412.00,922 ,1742 ,6620,22038 ,4665.00
5,RI,2001 ,1059659 ,39020 ,3278 ,35742 ,39 ,416 ,986.00,1837 ,6824 ,23875 ,5043.00
5,RI,2002 ,1068326 ,38393 ,3051 ,35342 ,41 ,395 ,916 ,1699 ,6415,24051 ,4876.00
5,RI,2003 ,1076084 ,35305 ,3074 ,32231 ,25 ,505 ,830 ,1714 ,5524 ,22320 ,4387 
5,RI,2004.00,1079916 ,33839.00,2673.00,31166 ,26 ,320 ,731 ,1596.00,5465,21623.00,4078.00
5,RI,2005.00,1073579 ,31997 ,2710 ,29287 ,34 ,323.00,776 ,1577 ,5319,19567 ,4401.00
4,RI,2006.00,1067610 ,30037 ,2429 ,27618 ,28.00,285.00,776 ,1381.00,5415,18621 ,3582.00
4,RI,2007.00,1057832 ,30147 ,2404 ,27743 ,19.00,256.00,751 ,1378.00,5236,19281 ,3226.00
4,RI,2008.00,1053502 ,32551 ,2656 ,29895 ,31.00,282.00,880 ,1463.00,5766,20926 ,3203.00
4,RI,2009.00,1053209 ,30236.00,2678 ,27558.00,32.00,296.00,785.00,1565.00,5753,19403.00,2402.00
4,RI,2010.00,1052528.00,29668.00,2709.00,26959.00,29.00,298.00,782.00,1600.00,6124,18432.00,2403.00
4,RI,2011.00,1050646.00,30562.00,2586.00,27976.00,20.00,319.00,744.00,1503.00,6836,18765.00,2375.00
2,RI,2012.00,1050304.00,29696.00,2657.00,27039.00,36.00,292.00,715.00,1614.00,5929,18478.00,2632.00
2,RI,2013.00,1053354.00,28451.00,2710.00,25741.00,31.00,333.00,683.00,1547.00,5621,17881.00,2239.00
2,RI,2014.00,1054907.00,25302.00,2320.00,22982.00,26.00,264.00,530.00,1398.00,4830,16317.00,1835.00
2,RI,2015.00,1055607.00,22603.00,2565.00,20038.00,31.00,342.00,547.00,1520.00,3938,14714.00,1386.00
2,RI,2016.00,1056426.00,22582.00,2524.00,20058.00,29.00,328.00,540.00,1513.00,3788,14674.00,1596.00
2,RI,2017.00,1056486.00,21059.00,2474.00,18585.00,21.00,454.00,474.00,1525.00,3219,13882.00,1484.00
2,RI,2018.00,1058287.00,19951.00,2326.00,17625.00,16.00,494.00,453.00,1363.00,2817,13270.00,1538.00
2,RI,2019.00,1059361.00,18601.00,2342.00,16259.00,25.00,491.00,418.00,1408.00,2321,12580.00,1358.00
5,SC,2000 ,4012012 ,209482 ,32293 ,177189 ,233 ,1511 ,5883 ,24666 ,38888 ,123094 ,15207 
5,SC,2001 ,4062125 ,219168 ,33114 ,186054 ,330 ,1769 ,5987 ,25028 ,42611,126742 ,16701 
5,SC,2002 ,4103770 ,217569 ,33761.00,183808 ,298.00,1959 ,5774 ,25730 ,43745 ,123196 ,16867 
5,SC,2003 ,4148744 ,221047 ,33455 ,187592 ,303 ,1952 ,5801 ,25399 ,43993 ,127809 ,15790 
5,SC,2004 ,4197892 ,223616 ,33160 ,190456 ,286.00,1772 ,5468 ,25634 ,43739,130991 ,15727 
5,SC,2005 ,4246933 ,217196 ,32590 ,185606 ,314 ,1862 ,5657 ,24757 ,42741 ,126489 ,16376 
5,SC,2006 ,4321249 ,216400 ,33078 ,183322 ,359 ,1762 ,5899 ,25058 ,42772 ,124128 ,16402 
5,SC,2007 ,4407709 ,223028 ,34746 ,188282 ,352 ,1739 ,6346 ,26309 ,45214 ,126048 ,17026 
5,SC,2008 ,4503280 ,222751 ,32752 ,189999 ,307 ,1683 ,6596 ,24166 ,45970 ,126360 ,17669 
5,SC,2009 ,4561242 ,209109.00,30799.00,178310.00,305.00,1663 ,5753.00,23078 ,45443,119250.00,13617.00
5,SC,2010.00,4637106.00,209021.00,27923.00,181098.00,265.00,1551.00,5017.00,21090.00,46261,121544.00,13293.00
5,SC,2011.00,4673348.00,211137.00,27894.00,183243.00,320.00,1678.00,4631.00,21265.00,47351,122255.00,13637.00
5,SC,2012.00,4723417.00,207523.00,26474.00,181049.00,332.00,1712.00,4511.00,19919.00,45222,122340.00,13487.00
5,SC,2013.00,4771929.00,197524.00,24263.00,173261.00,305.00,1739.00,3965.00,17760.00,40930,119730.00,12601.00
5,SC,2014.00,4829160.00,192319.00,24038.00,168281.00,322.00,1522.00,4018.00,17513.00,37163,118173.00,12945.00
5,SC,2015.00,4894834.00,187278.00,24448.00,162830.00,407.00,1717.00,3950.00,17652.00,34942,114778.00,13110.00
5,SC,2016.00,4961119.00,185824.00,24896.00,160928.00,366.00,1711.00,4035.00,18108.00,32976,114032.00,13920.00
5,SC,2017.00,5021219.00,185780.00,25412.00,160368.00,380.00,2576.00,3884.00,18572.00,31165,114931.00,14272.00
5,SC,2018.00,5084156.00,181793.00,25463.00,156330.00,411.00,2650.00,3592.00,18810.00,29957,111427.00,14946.00
5,SC,2019.00,5148714.00,177712.00,26323.00,151389.00,464.00,2460.00,3294.00,20105.00,27461,108953.00,14975.00
5,SD,2000 ,754844.00,17511 ,1259 ,16252 ,7 ,305 ,131 ,816 ,2896,12558 ,798 
5,SD,2001 ,758324 ,17644 ,1171 ,16473 ,7 ,351.00,103 ,710 ,3087 ,12571 ,815 
5,SD,2002 ,760437.00,17342 ,1350 ,15992 ,11 ,361 ,117 ,861 ,3034,12139.00,819 
5,SD,2003 ,764905 ,16653 ,1329 ,15324 ,10 ,356 ,104 ,859 ,2878 ,11572 ,874 
5,SD,2004.00,770621 ,16227 ,1319.00,14885.00,17 ,336 ,112 ,854.00,3148,10890.00,847.00
5,SD,2005 ,774883.00,15081.00,1387 ,13694 ,18 ,377 ,145.00,847.00,2505,10350 ,839 
5,SD,2006.00,781919.00,15004.00,1340 ,12664 ,9 ,336.00,119 ,876.00,2605,9296 ,718 
5,SD,2007.00,796214.00,14403.00,1347 ,13156 ,17 ,308.00,112 ,910.00,2378,10043 ,735 
5,SD,2008.00,804532.00,15941.00,2221 ,13720 ,37 ,562.00,134 ,1488.00,2591,10244 ,885 
5,SD,2009.00,812383.00,16155.00,1777.00,14378.00,30.00,501.00,117 ,1129.00,2621,10891.00,866.00
5,SD,2010.00,816598.00,17384.00,2196.00,15188.00,23.00,385.00,154.00,1634.00,3192,11196.00,800.00
5,SD,2011.00,823593.00,17404.00,2105.00,15299.00,20.00,503.00,167.00,1415.00,2927,11423.00,949.00
5,SD,2012.00,833354.00,19850.00,2701.00,17326.00,23.00,600.00,157.00,1921.00,3280,12973.00,1073.00
5,SD,2013.00,845510.00,19007.00,2733.00,16274.00,18.00,454.00,156.00,2052.00,3383,11955.00,936.00
5,SD,2014.00,853304.00,18837.00,2801.00,16036.00,23.00,336.00,199.00,2101.00,2817,12209.00,1010.00
5,SD,2015.00,857919.00,20041.00,3302.00,16739.00,33.00,367.00,215.00,2554.00,2969,12576.00,1194.00
5,SD,2016.00,865454.00,20762.00,3621.00,17141.00,27.00,379.00,272.00,2813.00,3000,12639.00,1502.00
5,SD,2017.00,873286.00,20341.00,3753.00,16588.00,27.00,575.00,264.00,2887.00,2835,12285.00,1468.00
5,SD,2018.00,878698.00,18674.00,3483.00,15191.00,12.00,617.00,222.00,2632.00,2502,11237.00,1452.00
5,SD,2019.00,884659.00,19197.00,3530.00,15667.00,17.00,642.00,195.00,2676.00,2646,11265.00,1756.00
5,TN,2000 ,5689283 ,278218 ,40233 ,237985 ,410 ,2186 ,9465 ,28172.00,56344 ,154111 ,27530 
5,TN,2001.00,5749398 ,295768 ,42776 ,252992 ,423.00,2196 ,10219 ,29938.00,59705,165015 ,28272 
5,TN,2002 ,5789796 ,292961 ,41562 ,249399 ,420 ,2290 ,9413.00,29439 ,61248 ,161610 ,26541.00
5,TN,2003 ,5845208 ,296974.00,40409 ,256565 ,396 ,2129 ,9413 ,28471 ,63323 ,166769 ,26473 
5,TN,2004 ,5893298 ,295147 ,41113 ,254991 ,357 ,2282.00,8863 ,29611 ,60386 ,169828 ,24777 
5,TN,2005 ,5955745 ,299839 ,45104 ,256093.00,431 ,2194 ,10009 ,32470.00,61508 ,169357.00,25228 
5,TN,2006 ,6038803.00,299839 ,45907 ,249297 ,409 ,2142 ,11129 ,32227.00,62845 ,163845 ,22593.00
5,TN,2007 ,6156719.00,298104 ,46380 ,251724 ,397 ,2174 ,11022 ,32787.00,61715 ,168351 ,21658.00
5,TN,2008 ,6240456.00,296565 ,44968 ,251597 ,412 ,2085 ,10809 ,31662.00,65265 ,167080.00,19252.00
5,TN,2009 ,6296254.00,279090.00,41933 ,237157.00,468 ,2019 ,9653 ,29793.00,63832,158309.00,15016.00
5,TN,2010.00,6357436.00,271764.00,38909.00,232855.00,359.00,2173.00,8361.00,28016.00,64293,153729.00,14833.00
5,TN,2011.00,6399787.00,269795.00,38895.00,230900.00,380.00,2095.00,8082.00,28338.00,62830,153928.00,14142.00
5,TN,2012.00,6454914.00,259138.00,41213.00,217925.00,400.00,2047.00,8151.00,30615.00,56231,148731.00,12963.00
5,TN,2013.00,6497269.00,245746.00,38063.00,207683.00,335.00,1904.00,7333.00,27895.00,51334,144443.00,11906.00
5,TN,2014.00,6547779.00,240900.00,39989.00,200911.00,369.00,1870.00,7268.00,29757.00,46798,141464.00,12649.00
5,TN,2015.00,6595056.00,236863.00,40816.00,196047.00,418.00,2032.00,7499.00,30098.00,43753,139259.00,13035.00
5,TN,2016.00,6651194.00,231932.00,42097.00,189835.00,486.00,1991.00,7813.00,31084.00,40312,134404.00,15119.00
5,TN,2017.00,6708794.00,241968.00,43940.00,198028.00,538.00,3028.00,7867.00,32507.00,38819,140636.00,18573.00
5,TN,2018.00,6771631.00,235584.00,42687.00,192897.00,508.00,3011.00,7222.00,31946.00,33538,138710.00,20649.00
5,TN,2019.00,6829174.00,221800.00,40647.00,181153.00,498.00,2813.00,6150.00,31186.00,29869,132104.00,19180.00
5,TX,2000 ,20851820 ,1033311 ,113653 ,919658 ,1238 ,7856 ,30257 ,74302.00,188975 ,637522 ,93161 
5,TX,2001 ,21370983 ,1098809 ,122155 ,976654 ,1332 ,8169 ,35348 ,77306 ,204362 ,669625 ,102667 
5,TX,2002 ,21736925 ,1130292 ,126018 ,1004274.00,1302 ,8508 ,37580 ,78628 ,212602 ,688992 ,102680 
5,TX,2003 ,22103374 ,1138981 ,122246 ,1016735 ,1422 ,8025 ,37017 ,75782 ,219877 ,698644 ,98644 
5,TX,2004 ,22471549 ,1132256 ,121554 ,1010702 ,1364 ,8388.00,35817 ,75985 ,220118,696507 ,94077 
5,TX,2005 ,22928508 ,1111384 ,121091 ,990293 ,1407 ,8511 ,35790 ,75383.00,219828 ,677042 ,93423 
5,TX,2006 ,23507783 ,1080838 ,121378 ,959460 ,1384 ,8372 ,37254 ,74368.00,215647 ,648384.00,95429 
5,TX,2007 ,23904380 ,1107196 ,122054 ,985142 ,1420 ,8439 ,38769 ,73426.00,228313 ,662930.00,93899 
5,TX,2008 ,24304290 ,1093506.00,123586 ,969920 ,1370 ,8055 ,37739 ,76422.00,230054 ,654482.00,85384 
5,TX,2009 ,24782302 ,1116766.00,121684.00,995082.00,1330.00,8311 ,38022.00,74021.00,240058,678455.00,76569 
5,TX,2010.00,25253466.00,1064477.00,113231.00,951246.00,1249.00,7622.00,32843.00,71517.00,228597,654626.00,68023.00
5,TX,2011.00,25631778.00,997544.00,104734.00,892810.00,1130.00,7486.00,28620.00,67498.00,215775,613131.00,63924.00
5,TX,2012.00,26060796.00,982934.00,106475.00,876459.00,1148.00,7715.00,30385.00,67227.00,205002,606425.00,65032.00
5,TX,2013.00,26505637.00,971046.00,108757.00,862289.00,1140.00,7610.00,31810.00,65351.00,191062,605440.00,65787.00
5,TX,2014.00,26979078.00,923226.00,109711.00,813515.00,1192.00,8400.00,31021.00,65862.00,168085,577018.00,68412.00
4,TX,2015.00,27429639.00,892427.00,113193.00,779234.00,1317.00,8941.00,31924.00,67629.00,153067,558653.00,67514.00
4,TX,2016.00,27862596.00,889989.00,121042.00,768947.00,1478.00,9858.00,33317.00,72880.00,148740,551151.00,69056.00
4,TX,2017.00,28322717.00,847127.00,123984.00,723143.00,1405.00,14536.00,32120.00,75923.00,133458,521767.00,67918.00
4,TX,2018.00,28628666.00,799340.00,118197.00,681143.00,1327.00,15098.00,28339.00,73433.00,117897,493238.00,70008.00
2,TX,2019.00,28995881.00,814678.00,121474.00,693204.00,1409.00,14824.00,28988.00,76253.00,113902,501813.00,77489.00
5,UT,2000 ,2233169 ,99958 ,5711 ,94247 ,43 ,863 ,1242 ,3563 ,14348 ,73438.00,6461 
5,UT,2001 ,2278712 ,96307 ,5314.00,90993 ,67 ,896 ,1197 ,3154 ,13804 ,70676 ,6513 
5,UT,2002 ,2318789 ,103129 ,5488 ,97641 ,47 ,943 ,1140 ,3358 ,15124 ,74795 ,7722 
5,UT,2003 ,2352119 ,105 973,5889 ,100084.00,60 ,919 ,1258 ,3652 ,16961 ,75321 ,7802 
5,UT,2004 ,2420708.00,103229 ,5467 ,97762 ,46 ,967 ,1236 ,3398 ,15225 ,74889.00,7648 
5,UT,2005 ,2490334 ,101158.00,5612 ,95546 ,56 ,920 ,1095 ,3541 ,14971 ,72082.00,8493 
5,UT,2006 ,2550063 ,95393.00,5722 ,89671 ,46 ,869 ,1245 ,3562 ,14701 ,66671.00,8299 
5,UT,2007 ,2643330 ,98704.00,6210 ,92594 ,58 ,908 ,1420 ,3824 ,15541 ,68241.00,8812 
5,UT,2008 ,2727343 ,98457.00,6130 ,92327 ,40 ,916 ,1422 ,3752.00,14754 ,70308.00,7265 
5,UT,2009 ,2784572 ,97749.00,5998.00,91751.00,39.00,941 ,1304.00,3714.00,15258,69556.00,6937.00
5,UT,2010.00,2775479.00,94241.00,5925.00,88316.00,53.00,983.00,1269.00,3620.00,15095,67242.00,5979.00
5,UT,2011.00,2814347.00,89631.00,5547.00,84084.00,50.00,901.00,1079.00,3517.00,13170,64727.00,6187.00
5,UT,2012.00,2854871.00,92223.00,5939.00,86284.00,52.00,975.00,1105.00,3807.00,13095,67157.00,6032.00
5,UT,2013.00,2902787.00,94978.00,6644.00,88334.00,51.00,926.00,1247.00,3824.00,13727,67115.00,7492.00
5,UT,2014.00,2944498.00,91937.00,6464.00,85473.00,66.00,1114.00,1313.00,3538.00,11656,66487.00,7330.00
5,UT,2015.00,2990632.00,96935.00,7138.00,89797.00,57.00,1247.00,1329.00,4048.00,12606,68464.00,8727.00
4,UT,2016.00,3051217.00,97465.00,7407.00,90058.00,72.00,1116.00,1541.00,4274.00,12836,67834.00,9388.00
4,UT,2017.00,3103118.00,93716.00,7515.00,86201.00,74.00,1758.00,1498.00,4185.00,11780,64955.00,9466.00
4,UT,2018.00,3153550.00,83845.00,7551.00,76294.00,63.00,1854.00,1237.00,4397.00,10079,58406.00,7809.00
4,UT,2019.00,3205958.00,77099.00,7553.00,69546.00,72.00,1822.00,1125.00,4534.00,8871,53937.00,6738.00
5,VA,2000 ,7078515 ,214348 ,19943 ,194405 ,401 ,1616 ,6295 ,11631 ,30434 ,146158 ,17813 
5,VA,2001 ,7196750 ,228445 ,20939 ,207506 ,364.00,1770 ,6860 ,11945 ,31604 ,157060 ,18842 
5,VA,2002.00,7287829 ,229039 ,21256 ,207783 ,388 ,1839 ,6961 ,12068 ,31757 ,157548 ,18478 
5,VA,2003 ,7365284 ,220939 ,20490 ,200449 ,416 ,1807 ,6713 ,11554.00,29105 ,153367 ,17977 
5,VA,2004 ,7481332 ,220227 ,20608 ,200368 ,390 ,1816 ,6899 ,11503 ,28759 ,154154 ,17455 
5,VA,2005 ,7564327 ,221838 ,21434 ,200404 ,458 ,1763 ,7495 ,11711 ,29829,154584 ,15991 
5,VA,2006 ,7642884 ,210974 ,21568 ,189406 ,399 ,1792 ,7749 ,11628 ,31913 ,142679 ,14814 
5,VA,2007 ,7712091 ,211007 ,20798 ,190209 ,406 ,1745 ,7651 ,10996 ,31688 ,144467 ,14054 
5,VA,2008 ,7795424 ,216738 ,20038 ,196700 ,370 ,1794 ,7470.00,10404 ,32184 ,151171 ,13345 
5,VA,2009 ,7882590 ,212215.00,18195.00,194020.00,370.00,1572.00,6342.00,9911.00,31956,150374.00,11690.00
5,VA,2010.00,8023953.00,204587.00,17184.00,187403.00,376.00,1580.00,5678.00,9550.00,30804,145990.00,10609.00
5,VA,2011.00,8104384.00,198916.00,16014.00,182902.00,304.00,1591.00,5425.00,8694.00,30656,142476.00,9770.00
5,VA,2012.00,8186628.00,194110.00,15676.00,178434.00,322.00,1505.00,4718.00,9131.00,29651,139654.00,9129.00
5,VA,2013.00,8270345.00,187913.00,16355.00,171558.00,320.00,1476.00,4574.00,9111.00,26717,136215.00,8626.00
5,VA,2014.00,8328098.00,178456.00,16522.00,161934.00,350.00,1687.00,4294.00,9462.00,23210,131001.00,7723.00
4,VA,2015.00,8367587.00,174508.00,16705.00,157803.00,390.00,1767.00,4459.00,9357.00,21542,128064.00,8197.00
4,VA,2016.00,8411808.00,174714.00,18302.00,156412.00,484.00,1965.00,4803.00,10278.00,20018,126606.00,9788.00
4,VA,2017.00,8465207.00,170326.00,17811.00,152515.00,470.00,3026.00,4331.00,9984.00,18524,123812.00,10179.00
4,VA,2018.00,8501286.00,160288.00,17357.00,142931.00,417.00,3072.00,3610.00,10258.00,15659,116496.00,10776.00
4,VA,2019.00,8535519.00,157966.00,17753.00,140213.00,426.00,2816.00,3524.00,10987.00,13900,116044.00,10269.00
5,VT,2000 ,608827 ,18185 ,691 ,17494 ,9 ,140 ,117 ,425 ,3501 ,13184 ,800 
5,VT,2001 ,612978 ,16978 ,644.00,16334 ,7 ,107 ,107 ,423 ,3150 ,12426.00,758 
5,VT,2002.00,616408 ,15600 ,658 ,14942 ,13 ,126 ,77 ,442 ,3489 ,10684 ,769 
5,VT,2003 ,619343 ,14510 ,707 ,13803 ,15 ,126 ,62 ,504 ,3017 ,10132 ,654 
4,VT,2004.00,621233 ,15039.00,713 ,14559 ,16.00,160 ,78 ,459 ,3435 ,10537 ,587.00
4,VT,2005 ,622387 ,15521 ,782 ,14749 ,8 ,153 ,76 ,545 ,3185 ,10894 ,670 
4,VT,2006 ,623908 ,15131 ,852 ,14379 ,12 ,150 ,110 ,580 ,3300 ,10493 ,586 
4,VT,2007 ,621254 ,15102 ,772 ,14430 ,12 ,123 ,80 ,557 ,3106 ,10683 ,641 
4,VT,2008 ,621049 ,16757 ,854 ,15903 ,17.00,133 ,93 ,611 ,3515 ,11802 ,586 
4,VT,2009 ,621760 ,15847.00,837 ,15010.00,8.00,132.00,111 ,586.00,3471,11090.00,449 
4,VT,2010.00,625909.00,14980.00,820.00,14160.00,7.00,141.00,76.00,596.00,3348,10373.00,439.00
4,VT,2011.00,626592.00,16011.00,925.00,15086.00,11.00,146.00,99.00,669.00,3838,10720.00,528.00
4,VT,2012.00,625953.00,16544.00,891.00,15653.00,8.00,131.00,114.00,638.00,4179,11014.00,460.00
2,VT,2013.00,626855.00,14657.00,775.00,13882.00,10.00,113.00,75.00,554.00,3352,10193.00,337.00
2,VT,2014.00,626767.00,10364.00,643.00,9721.00,10.00,85.00,72.00,444.00,2092,7375.00,254.00
2,VT,2015.00,626088.00,9811.00,747.00,9064.00,10.00,104.00,105.00,482.00,2034,6834.00,196.00
2,VT,2016.00,624594.00,11591.00,989.00,10602.00,14.00,124.00,106.00,691.00,2103,8217.00,282.00
2,VT,2017.00,624525.00,10421.00,1082.00,9339.00,17.00,254.00,100.00,711.00,1945,7169.00,225.00
1,VT,2018.00,624358.00,9366.00,1155.00,8211.00,11.00,326.00,73.00,745.00,1496,6451.00,264.00
1,VT,2019.00,623989.00,10150.00,1262.00,8888.00,11.00,278.00,71.00,902.00,1275,7315.00,298.00
5,WA,2000 ,5894121 ,300932 ,21788 ,279144 ,196 ,2737.00,5812 ,13043 ,53476 ,190650 ,35018 
5,WA,2001 ,5993390 ,308492 ,21258 ,287234 ,179 ,2600 ,5934 ,12545 ,53024,195133.00,39077 
5,WA,2002 ,6067060 ,309931 ,20964 ,288967.00,184 ,2734 ,5797 ,12249 ,54948 ,193526 ,40493.00
2,WA,2003 ,6131298 ,312814 ,21272 ,291542 ,182 ,2863 ,5718 ,12509 ,58271 ,192653 ,40618 
2,WA,2004 ,6207046 ,322167 ,21330 ,300837.00,190 ,2857 ,5866 ,12417.00,60632 ,196972 ,43233 
2,WA,2005 ,6291899 ,329406 ,21745 ,307661 ,205 ,2811.00,5788 ,12941 ,60341 ,198031 ,49287 
2,WA,2006 ,6396798 ,308653 ,22120 ,286533 ,190 ,2746.00,6405 ,12779 ,58307 ,182327 ,45899 
2,WA,2007 ,6468424 ,282849 ,22120 ,260729 ,173 ,2629.00,6053 ,12691 ,52704 ,170403 ,37622 
2,WA,2008 ,6566073 ,268624 ,21739 ,247885 ,193 ,2627.00,6397 ,12522 ,52756 ,166384 ,28745 
2,WA,2009 ,6664195 ,267627.00,22412 ,245215.00,190 ,2583.00,6711.00,12928.00,53047,168421.00,23747.00
2,WA,2010.00,6742950.00,270564.00,21138.00,249426.00,154.00,2579.00,5929.00,12476.00,55192,168490.00,25744.00
2,WA,2011.00,6823267.00,264361.00,20152.00,244209.00,163.00,2320.00,5627.00,12042.00,56561,162828.00,24820.00
1,WA,2012.00,6895318.00,274930.00,20553.00,254377.00,217.00,2250.00,5801.00,12285.00,61376,166338.00,26663.00
1,WA,2013.00,6973742.00,279362.00,20223.00,259139.00,167.00,2072.00,5829.00,11623.00,58487,172227.00,28425.00
1,WA,2014.00,7063166.00,281442.00,20185.00,261257.00,178.00,1999.00,5641.00,11586.00,55381,175317.00,30559.00
1,WA,2015.00,7160290.00,269979.00,20505.00,249474.00,218.00,2006.00,5450.00,12059.00,51114,171393.00,26967.00
1,WA,2016.00,7288000.00,276676.00,22023.00,254653.00,195.00,2259.00,5651.00,13100.00,49180,173187.00,32286.00
1,WA,2017.00,7425432.00,257689.00,22483.00,235206.00,226.00,3300.00,5386.00,13571.00,43687,162154.00,29365.00
1,WA,2018.00,7523869.00,246975.00,23719.00,223256.00,236.00,3610.00,5557.00,14316.00,40434,154941.00,27881.00
1,WA,2019.00,7614893.00,226601.00,22377.00,204224.00,198.00,3332.00,5147.00,13700.00,34540,145282.00,24402.00
5,WI,2000 ,5363675 ,172124 ,12700 ,159424 ,169 ,1165 ,4537 ,6829 ,25183 ,119605 ,14636 
5,WI,2001.00,5405947 ,179410 ,12486.00,166924 ,192 ,1142 ,4444.00,6708 ,26927 ,125275 ,14722 
5,WI,2002 ,5439692.00,176987 ,12238 ,164749 ,154 ,1237 ,4713 ,6134 ,27926 ,123365 ,13458 
5,WI,2003.00,5474290 ,169788 ,12104 ,157684 ,183 ,1202 ,4397 ,6322 ,26546 ,118775 ,12363 
5,WI,2004 ,5503533 ,158258 ,11548.00,146710 ,154 ,1136 ,4067 ,6191 ,23854 ,111482 ,11374 
5,WI,2005 ,5527644 ,160923 ,13367 ,147556 ,206 ,1135 ,4555 ,7471.00,24448 ,110531 ,12577 
5,WI,2006 ,5556506 ,172354 ,15783 ,156571 ,164 ,1131 ,5567 ,8921 ,26994 ,115546 ,14031 
5,WI,2007 ,5601604 ,172354 ,16296 ,158959 ,183 ,1223 ,5474 ,9416 ,27839 ,117687 ,13433 
5,WI,2008 ,5627610 ,170868 ,15499 ,155369 ,146 ,1128 ,5163 ,9062 ,27455 ,116420 ,11539 
5,WI,2009 ,5654774 ,162342.00,14650.00,147692.00,146.00,1118 ,4904.00,8482.00,26813,111947.00,8932.00
5,WI,2010.00,5691659.00,156948.00,14167.00,142781.00,155.00,1191.00,4516.00,8305.00,26636,107993.00,8152.00
5,WI,2011.00,5709843.00,154180.00,14268.00,139912.00,138.00,1190.00,4600.00,8340.00,27167,104472.00,8273.00
5,WI,2012.00,5724554.00,157034.00,16254.00,140780.00,169.00,1228.00,4692.00,10165.00,27931,104619.00,8230.00
5,WI,2013.00,5742953.00,141812.00,16118.00,125694.00,163.00,1308.00,4834.00,9285.00,24358,93946.00,7390.00
4,WI,2014.00,5759432.00,137298.00,16763.00,120535.00,159.00,1216.00,5101.00,9826.00,21375,89255.00,9905.00
4,WI,2015.00,5767891.00,131720.00,17549.00,114171.00,240.00,1324.00,5234.00,10270.00,19602,83572.00,10997.00
4,WI,2016.00,5778708.00,129399.00,17679.00,111720.00,229.00,1458.00,4706.00,10765.00,19425,82337.00,9958.00
4,WI,2017.00,5792051.00,123546.00,18638.00,104908.00,192.00,2177.00,4370.00,11899.00,17570,77868.00,9470.00
4,WI,2018.00,5807406.00,108603.00,17365.00,91238.00,175.00,2333.00,3493.00,11364.00,14180,68380.00,8678.00
4,WI,2019.00,5822434.00,102742.00,17070.00,85672.00,175.00,2261.00,2991.00,11643.00,12667,65620.00,7385.00
5,WV,2000 ,1808344 ,47067 ,5723 ,41344 ,46 ,331.00,749 ,4597 ,9890 ,28139 ,3315 
5,WV,2001.00,1800975.00,46120 ,5035 ,41085 ,40 ,320 ,707 ,3968 ,9601 ,28268.00,3216 
5,WV,2002 ,1804884 ,45320 ,4221 ,41099 ,57 ,328 ,657 ,3179 ,9677,27524 ,3898 
5,WV,2003.00,1811440 ,46997 ,4627 ,42370 ,73 ,311 ,701 ,3542 ,10498 ,28409 ,3463 
5,WV,2004 ,1812548 ,48421 ,5110 ,46326.00,68 ,346 ,774 ,3922 ,10994 ,31566 ,3766 
5,WV,2005 ,1814083 ,51723 ,4968 ,47757 ,82 ,335.00,816 ,3735 ,11334 ,32603 ,3820 
5,WV,2006 ,1818470 ,52759 ,5087 ,47672 ,75 ,389.00,853 ,3770 ,11531 ,32220 ,3921 
5,WV,2007 ,1812035 ,50740 ,4987 ,45753 ,64 ,369.00,852 ,3702 ,10814 ,31447 ,3492 
5,WV,2008 ,1814873 ,51376.00,5027 ,46349 ,67 ,392.00,899 ,3669 ,10914 ,32241 ,3194 
5,WV,2009 ,1819777 ,51769.00,5554.00,46215 ,84 ,470.00,914.00,4086.00,12005,31453.00,2757 
5,WV,2010.00,1854368.00,46887.00,5586.00,41301.00,58.00,362.00,776.00,4390.00,10778,28104.00,2419.00
5,WV,2011.00,1854908.00,44506.00,5497.00,39009.00,87.00,372.00,802.00,4236.00,10245,26656.00,2108.00
5,WV,2012.00,1856680.00,50443.00,5943.00,44500.00,70.00,415.00,835.00,4623.00,11466,30800.00,2234.00
5,WV,2013.00,1853595.00,45586.00,5657.00,39929.00,62.00,367.00,653.00,4242.00,9908,28055.00,1966.00
5,WV,2014.00,1848751.00,44132.00,5850.00,38282.00,84.00,417.00,655.00,4517.00,9368,26954.00,1960.00
5,WV,2015.00,1841053.00,45091.00,6397.00,38694.00,85.00,493.00,783.00,4819.00,9467,26984.00,2243.00
5,WV,2016.00,1831102.00,44044.00,6557.00,37487.00,81.00,468.00,720.00,5099.00,9301,25677.00,2509.00
5,WV,2017.00,1817048.00,39124.00,6564.00,32560.00,98.00,793.00,673.00,5000.00,7557,21917.00,3086.00
4,WV,2018.00,1804291.00,33299.00,5411.00,27888.00,76.00,716.00,333.00,4286.00,5916,19783.00,2189.00
4,WV,2019.00,1792147.00,34050.00,5674.00,28376.00,78.00,754.00,378.00,4464.00,5891,20066.00,2419.00
5,WY,2000 ,493782.00,16285 ,1316 ,14969 ,12 ,160 ,70.00,1074 ,2078,12318 ,573 
5,WY,2001 ,493754.00,17392 ,1272 ,16120.00,9.00,153 ,84 ,1026 ,2481 ,12943 ,696 
5,WY,2002 ,498830 ,17858.00,1364 ,16494 ,15 ,148 ,93 ,1108 ,2448 ,13303 ,743 
5,WY,2003 ,502111 ,17962 ,1314 ,16648 ,14 ,136 ,84 ,1080 ,2611 ,13239 ,798 
5,WY,2004 ,505887.00,18052 ,1163 ,16889 ,11 ,112 ,67 ,973 ,2738,13352 ,799 
5,WY,2005 ,508798.00,17242 ,1172 ,16070 ,14 ,122 ,78.00,958 ,2426,12905 ,739 
5,WY,2006 ,515004.00,16584 ,1234 ,15350 ,9 ,140 ,72.00,1013.00,2320,12254 ,776 
5,WY,2007 ,522830.00,16235.00,1251 ,14984 ,16 ,160 ,84.00,991.00,2348,11840 ,796 
5,WY,2008.00,532981.00,15823.00,1312 ,14511 ,12.00,184 ,86.00,1030.00,2200,11588 ,723 
5,WY,2009.00,544270.00,15439.00,1196.00,14243.00,11.00,172.00,78.00,935.00,2176,11310.00,757.00
5,WY,2010.00,564554.00,14986.00,1117.00,13869.00,8.00,162.00,77.00,870.00,2151,11126.00,592.00
5,WY,2011.00,567356.00,14123.00,1245.00,12878.00,18.00,146.00,71.00,1010.00,1864,10493.00,521.00
5,WY,2012.00,576626.00,14383.00,1161.00,13222.00,14.00,154.00,61.00,932.00,2125,10513.00,584.00
5,WY,2013.00,583223.00,14021.00,1212.00,12809.00,17.00,144.00,74.00,917.00,1956,10275.00,578.00
5,WY,2014.00,584304.00,12619.00,1142.00,11477.00,16.00,127.00,53.00,899.00,1689,9185.00,603.00
5,WY,2015.00,586555.00,12451.00,1300.00,11151.00,16.00,124.00,59.00,1054.00,1762,8797.00,592.00
5,WY,2016.00,585501.00,12890.00,1430.00,11460.00,20.00,150.00,59.00,1146.00,1771,8889.00,800.00
5,WY,2017.00,578934.00,11886.00,1358.00,10528.00,14.00,253.00,98.00,993.00,1556,8211.00,761.00
5,WY,2018.00,577601.00,11543.00,1235.00,10308.00,14.00,261.00,75.00,885.00,1551,7974.00,783.00
5,WY,2019.00,578759.00,10351.00,1258.00,9093.00,13.00,324.00,67.00,854.00,1396,6984.00,713.00
